{
  "owasp_category": "A01: Broken Access Control",
  "mapped_cwe": [
    "CWE-284"
  ],
  "attacker_view": "In the vulnerable code, there is no access control check to verify the user's permissions before creating a new subtitle stream. An attacker can invoke this function to create or manipulate subtitle streams without authorization, potentially leading to unauthorized media manipulation or information disclosure.",
  "defender_view": "The safe code introduces an explicit access control check on the user role before proceeding with subtitle stream creation. This prevents unauthorized users from performing actions outside their permissions, effectively mitigating broken access control risks.",
  "issues": [
    {
      "id": "CWE-284",
      "title": "Improper Access Control",
      "description": "The vulnerable code lacks checks to ensure that only authorized users can create or modify subtitle streams, allowing unauthorized access.",
      "exploitability": "An attacker can exploit this by calling the function without proper permissions, leading to unauthorized media stream manipulation.",
      "mitigations": "Implement strict access control checks validating user roles or permissions before allowing subtitle stream creation or modification."
    }
  ],
  "self_validation": "The safe code includes an explicit access control check and is free from broken access control vulnerabilities. The vulnerable code omits such checks, correctly illustrating an A01: Broken Access Control issue as required.",
  "source_file": "1006_0.c"
}