{
  "owasp_category": "A01: Broken Access Control",
  "mapped_cwe": [
    "CWE-284"
  ],
  "attacker_view": "An attacker can call get_byte on any ByteIOContext without restriction, potentially reading data they should not have access to, bypassing intended access controls.",
  "defender_view": "Access control checks are enforced before reading bytes, ensuring only authorized users can access the buffer, preventing unauthorized data exposure.",
  "issues": [
    {
      "id": "CWE-284",
      "title": "Improper Access Control",
      "description": "The function allows reading bytes from a buffer without verifying if the caller has permission to access the data.",
      "exploitability": "High - attackers can read sensitive data by invoking the function on unauthorized buffers.",
      "mitigations": "Implement strict access control checks validating user permissions before allowing buffer access."
    }
  ],
  "self_validation": "The safe code includes explicit access control checks and no other vulnerabilities; the vulnerable code omits access control, correctly illustrating Broken Access Control as per OWASP A01.",
  "source_file": "1025_0.c"
}