{
  "owasp_category": "A01: Broken Access Control",
  "mapped_cwe": [
    "CWE-284"
  ],
  "attacker_view": "An attacker can access or manipulate streams without proper permission checks, allowing unauthorized access to audio or video streams that should be restricted.",
  "defender_view": "The code enforces permission checks before accessing or processing streams, ensuring users can only access streams they are authorized for, preventing unauthorized data exposure or manipulation.",
  "issues": [
    {
      "id": "CWE-284",
      "title": "Improper Access Control",
      "description": "The vulnerable code lacks checks on user permissions before processing streams, allowing unauthorized access to restricted media streams.",
      "exploitability": "High - attackers can bypass intended access restrictions to read or manipulate protected streams.",
      "mitigations": "Implement explicit permission checks based on user roles or access levels before processing or returning stream data."
    }
  ],
  "self_validation": "The safe code includes explicit permission checks preventing unauthorized access, and the vulnerable code omits these checks, correctly demonstrating broken access control as per OWASP A01. No comments or explanations are included inside the code, and all constraints are met.",
  "source_file": "1044_0.c"
}