{
  "owasp_category": "A01: Broken Access Control",
  "mapped_cwe": [
    "CWE-284"
  ],
  "attacker_view": "An attacker can bypass access control checks by manipulating the BitstreamContext or calling get_val with unauthorized parameters, potentially accessing or manipulating bits they should not have permission to.",
  "defender_view": "Ensure that access control checks are enforced consistently and correctly before allowing bitstream data access or manipulation. Validate user roles and permissions explicitly and avoid relying on implicit trust in the BitstreamContext structure.",
  "issues": [
    {
      "id": "CWE-284",
      "title": "Improper Access Control",
      "description": "The vulnerable code fails to properly enforce access control, allowing unauthorized users to access or manipulate bitstream data.",
      "exploitability": "High - attackers can exploit missing or incorrect access control checks to gain unauthorized access.",
      "mitigations": [
        "Implement explicit access control checks before sensitive operations.",
        "Validate user roles and permissions rigorously.",
        "Avoid relying on implicit trust in data structures for security decisions."
      ]
    }
  ],
  "self_validation": "The safe code is free of access control issues and does not expose any vulnerabilities. The vulnerable code introduces an improper access control check that can be bypassed or misused, correctly mapping to OWASP A01: Broken Access Control and CWE-284.",
  "source_file": "1114_0.c"
}