{
  "owasp_category": "A01: Broken Access Control",
  "mapped_cwe": [
    "CWE-284",
    "CWE-285"
  ],
  "attacker_view": "An attacker can call get_val without any permission checks, allowing unauthorized access to sensitive bitstream data, potentially leaking or manipulating data they should not access.",
  "defender_view": "The safe version enforces permission checks before accessing bitstream data, ensuring only authorized users can retrieve values, thus preventing unauthorized data access.",
  "issues": [
    {
      "id": "CWE-284",
      "title": "Improper Access Control",
      "description": "The function does not verify if the caller has the necessary permissions to access the bitstream data.",
      "exploitability": "High - attackers can invoke the function to read sensitive data without authorization.",
      "mitigations": "Implement explicit permission checks before allowing access to sensitive data."
    },
    {
      "id": "CWE-285",
      "title": "Improper Authorization",
      "description": "No authorization checks are performed, allowing users to act outside their intended permissions.",
      "exploitability": "High - unauthorized users can perform actions reserved for privileged users.",
      "mitigations": "Add authorization logic to verify user permissions before data access."
    }
  ],
  "self_validation": "The safe code includes explicit permission checks preventing unauthorized access, fulfilling the constraints. The vulnerable code omits these checks, correctly illustrating broken access control per OWASP A01.",
  "source_file": "1132_0.c"
}