{
  "owasp_category": "A01: Broken Access Control",
  "mapped_cwe": [
    "CWE-284"
  ],
  "attacker_view": "The attacker can invoke the function without any permission checks, allowing unauthorized access to potentially sensitive image processing operations or data, bypassing intended access restrictions.",
  "defender_view": "The defender enforces permission checks before executing the function, ensuring only authorized users can perform the operation, thus preventing unauthorized access and misuse.",
  "issues": [
    {
      "id": "CWE-284",
      "title": "Improper Access Control",
      "description": "The function does not verify user permissions before performing operations, allowing unauthorized users to execute privileged code.",
      "exploitability": "High - attackers can invoke the function without restriction to gain unauthorized access or perform unauthorized actions.",
      "mitigations": [
        "Implement explicit permission checks before executing sensitive operations.",
        "Validate user roles and permissions at the API boundary.",
        "Apply the principle of least privilege."
      ]
    }
  ],
  "self_validation": "The safe code includes explicit permission checks preventing unauthorized access, ensuring no broken access control vulnerabilities. The vulnerable code omits these checks, allowing unauthorized use, correctly mapping to OWASP A01: Broken Access Control and CWE-284.",
  "source_file": "1190_0.c"
}