{
  "owasp_category": "A01: Broken Access Control",
  "mapped_cwe": [
    "CWE-284"
  ],
  "attacker_view": "An attacker can invoke the function without proper permission checks, potentially accessing or modifying data they should not be allowed to, leading to unauthorized data manipulation or leakage.",
  "defender_view": "The function enforces permission checks before processing, ensuring only authorized users can execute the operation, preventing unauthorized access or modification.",
  "issues": [
    {
      "id": "CWE-284",
      "title": "Improper Access Control",
      "description": "The vulnerable code lacks permission checks, allowing unauthorized users to execute the function and manipulate data outside their intended permissions.",
      "exploitability": "High - attackers can directly call the function without restriction, leading to unauthorized data access or modification.",
      "mitigations": "Implement strict access control checks before executing sensitive operations, validate user permissions, and enforce the principle of least privilege."
    }
  ],
  "self_validation": "The safe code includes explicit permission checks preventing unauthorized access, and the vulnerable code omits these checks, correctly illustrating OWASP A01: Broken Access Control. Both codes are syntactically valid C and adhere to the constraints.",
  "source_file": "1193_0.c"
}