{
  "owasp_category": "A01: Broken Access Control",
  "mapped_cwe": [
    "CWE-284"
  ],
  "attacker_view": "An attacker can invoke avfilter_unref_buffer on buffers they do not have permission to access or modify, potentially freeing resources or causing use-after-free conditions, leading to denial of service or arbitrary code execution.",
  "defender_view": "Implement strict access control checks before allowing operations on buffer references to ensure users can only manipulate buffers they are authorized to access.",
  "issues": [
    {
      "id": "CWE-284",
      "title": "Improper Access Control",
      "description": "The function avfilter_unref_buffer does not verify if the caller has permission to modify or free the buffer, allowing unauthorized access and manipulation.",
      "exploitability": "High - attackers can trigger unauthorized resource freeing or manipulation.",
      "mitigations": "Add explicit access control checks validating user permissions before performing operations on buffers."
    }
  ],
  "self_validation": "The safe code includes an explicit access control check via user_has_access before modifying the buffer, preventing unauthorized access. The vulnerable code lacks any access control checks, correctly demonstrating a Broken Access Control vulnerability as per OWASP A01.",
  "source_file": "1206_0.c"
}