{
  "owasp_category": "A01: Broken Access Control",
  "mapped_cwe": [
    "CWE-284"
  ],
  "attacker_view": "An attacker can call av_realloc with any user_role value or no role check, allowing them to reallocate memory beyond their authorized permissions, potentially leading to unauthorized memory manipulation or corruption.",
  "defender_view": "The defender enforces role-based access control by checking the user_role before performing the realloc operation, ensuring only authorized users can reallocate memory, preventing unauthorized access or modification.",
  "issues": [
    {
      "id": "CWE-284",
      "title": "Improper Access Control",
      "description": "The vulnerable code lacks checks on user permissions before reallocating memory, allowing unauthorized users to perform operations outside their intended permissions.",
      "exploitability": "High - attackers can exploit the missing access control to manipulate memory allocations arbitrarily.",
      "mitigations": "Implement strict access control checks verifying user permissions before allowing memory operations."
    }
  ],
  "self_validation": "The safe code includes explicit access control checks preventing unauthorized reallocations, and the vulnerable code omits these checks, correctly demonstrating an A01 Broken Access Control vulnerability. Both code versions are syntactically valid C code without extraneous comments or explanations.",
  "source_file": "1217_0.c"
}