{
  "owasp_category": "A01: Broken Access Control",
  "mapped_cwe": [
    "CWE-284"
  ],
  "attacker_view": "The vulnerable code omits validation of critical state variables such as step_index bounds and predictor consistency, allowing an attacker to manipulate or bypass intended access controls on internal decoder state. This can lead to unauthorized modification of decoder state or processing of malformed data, potentially causing crashes or arbitrary code execution.",
  "defender_view": "The safe code enforces strict validation of step_index and predictor values, logging errors and returning failures when invalid or out-of-bounds values are detected. This prevents attackers from manipulating internal decoder state beyond intended permissions, maintaining integrity and stability of the decoding process.",
  "issues": [
    {
      "id": "CWE-284",
      "title": "Improper Access Control",
      "description": "The vulnerable code fails to enforce proper validation on critical internal state variables, allowing unauthorized modification of decoder state.",
      "exploitability": "An attacker can craft malicious input to bypass validation checks, causing the decoder to process invalid or malicious data, potentially leading to crashes or code execution.",
      "mitigations": [
        "Validate all critical state variables before use.",
        "Enforce bounds checking on indices and predictors.",
        "Log and reject invalid or out-of-bound values."
      ]
    }
  ],
  "self_validation": "The safe code is verified to include all necessary validation checks and is free from known OWASP A01 vulnerabilities. The vulnerable code intentionally omits these checks to demonstrate broken access control, correctly mapping to OWASP A01: Broken Access Control.",
  "source_file": "1223_0.c"
}