{
  "owasp_category": "A01: Broken Access Control",
  "mapped_cwe": [
    "CWE-284"
  ],
  "attacker_view": "An attacker can invoke the function without proper permission checks, allowing them to send RTCP Receiver Reports (RR) and potentially manipulate or access RTP stream statistics they should not have access to.",
  "defender_view": "The function enforces permission checks before proceeding, ensuring only authorized users can send RTCP Receiver Reports, thereby preventing unauthorized access or manipulation of RTP stream data.",
  "issues": [
    {
      "id": "CWE-284",
      "title": "Improper Access Control",
      "description": "The vulnerable code lacks proper permission checks, allowing unauthorized users to perform actions outside their intended permissions.",
      "exploitability": "High - attackers can exploit missing access control to send or manipulate RTCP reports.",
      "mitigations": [
        "Implement strict permission checks before sensitive operations.",
        "Validate user roles and permissions explicitly.",
        "Use secure coding practices to enforce access control."
      ]
    }
  ],
  "self_validation": "The safe code includes explicit permission checks preventing unauthorized access, and the vulnerable code omits these checks, correctly illustrating Broken Access Control per OWASP A01. Both code versions are syntactically valid C code with no extraneous comments or explanations.",
  "source_file": "1248_0.c"
}