{
  "owasp_category": "A01: Broken Access Control",
  "mapped_cwe": [
    "CWE-284",
    "CWE-285"
  ],
  "attacker_view": "An attacker can invoke put_vector without any permission checks, allowing them to access or manipulate data they should not be authorized to, potentially leading to unauthorized data exposure or modification.",
  "defender_view": "The function enforces a permission check before proceeding, ensuring only users with sufficient privileges can execute the operation, thereby preventing unauthorized access.",
  "issues": [
    {
      "id": "CWE-284",
      "title": "Improper Access Control",
      "description": "The vulnerable code lacks checks to verify if the user has the necessary permissions before accessing or modifying sensitive data.",
      "exploitability": "High - attackers can bypass intended restrictions and access or modify data.",
      "mitigations": "Implement explicit permission checks before sensitive operations."
    },
    {
      "id": "CWE-285",
      "title": "Improper Authorization",
      "description": "The function does not enforce authorization policies, allowing unauthorized users to perform actions beyond their privileges.",
      "exploitability": "High - unauthorized users can perform privileged actions.",
      "mitigations": "Enforce authorization policies and validate user permissions before operations."
    }
  ],
  "self_validation": "The safe code includes explicit permission checks and is free from broken access control vulnerabilities. The vulnerable code omits these checks, correctly illustrating an A01: Broken Access Control issue.",
  "source_file": "1282_0.c"
}