{
  "owasp_category": "A01: Broken Access Control",
  "mapped_cwe": [
    "CWE-284"
  ],
  "attacker_view": "An attacker can exploit the vulnerable code by providing crafted inputs that bypass intended limits and checks, allowing them to read or manipulate data outside their authorized scope, potentially leading to information disclosure or unauthorized actions.",
  "defender_view": "The defender ensures strict validation of input parameters and enforces limits on loops and bit reading operations to prevent attackers from exceeding their permissions or causing unexpected behavior.",
  "issues": [
    {
      "id": "CWE-284",
      "title": "Improper Access Control",
      "description": "The vulnerable code lacks proper validation of input parameters and loop bounds, allowing attackers to bypass intended access restrictions and perform unauthorized operations.",
      "exploitability": "High - attackers can craft inputs to cause out-of-bounds reads or logic bypasses.",
      "mitigations": [
        "Validate all input parameters before use.",
        "Enforce strict loop bounds and limits.",
        "Ensure all code paths close resources properly to avoid leaks."
      ]
    }
  ],
  "self_validation": "The safe code includes input validation and loop bounds checks to prevent broken access control vulnerabilities. The vulnerable code omits these checks, enabling unauthorized access patterns. Both code versions are syntactically valid C and adhere to the constraints.",
  "source_file": "1327_0.c"
}