{
  "owasp_category": "A01: Broken Access Control",
  "mapped_cwe": [
    "CWE-284"
  ],
  "attacker_view": "An attacker can invoke the mono_to_stereo function without any role checks, allowing unauthorized users to perform operations intended only for privileged roles, potentially leading to misuse or unauthorized data processing.",
  "defender_view": "The safe code enforces a role check before processing, ensuring only authorized users (e.g., user_role == 1) can execute the function, preventing unauthorized access and mitigating broken access control risks.",
  "issues": [
    {
      "id": "CWE-284",
      "title": "Improper Access Control",
      "description": "The vulnerable code lacks any access control checks, allowing any user to execute the function regardless of their permissions.",
      "exploitability": "High - Any user can call the function and perform operations without restriction.",
      "mitigations": "Implement role-based access control checks before executing sensitive operations."
    }
  ],
  "self_validation": "The safe code includes explicit access control checks and is free from broken access control vulnerabilities. The vulnerable code omits these checks, correctly illustrating OWASP A01: Broken Access Control.",
  "source_file": "1371_0.c"
}