{
  "owasp_category": "A01: Broken Access Control",
  "mapped_cwe": [
    "CWE-284"
  ],
  "attacker_view": "An attacker can invoke the audio conversion function without proper role checks, allowing unauthorized access to audio data processing that should be restricted. This can lead to unauthorized data manipulation or information disclosure.",
  "defender_view": "The defender enforces strict role-based access control by validating the user's role before processing the audio conversion, ensuring only authorized users can perform this operation.",
  "issues": [
    {
      "id": "CWE-284",
      "title": "Improper Access Control",
      "description": "The vulnerable code lacks checks on user permissions before performing audio conversion, allowing unauthorized users to access functionality beyond their privileges.",
      "exploitability": "High - attackers can bypass intended access restrictions by calling the function without role validation.",
      "mitigations": "Implement role or permission checks before executing sensitive operations to ensure only authorized users can access them."
    }
  ],
  "self_validation": "The safe code includes explicit access control checks preventing unauthorized use, and the vulnerable code omits these checks, correctly illustrating the OWASP A01 category. Both code versions are syntactically valid C code with no extraneous comments or explanations inside the code blocks.",
  "source_file": "1381_0.c"
}