{
  "owasp_category": "A01: Broken Access Control",
  "mapped_cwe": [
    "CWE-284"
  ],
  "attacker_view": "An attacker can invoke the stereo_to_mono function without any access control checks, allowing unauthorized users to process audio data they should not have access to, potentially leading to data leakage or unauthorized data manipulation.",
  "defender_view": "Implementing role-based access control within the function ensures only authorized users (e.g., user_role == 1) can execute the processing, preventing unauthorized access and enforcing proper permissions.",
  "issues": [
    {
      "id": "CWE-284",
      "title": "Improper Access Control",
      "description": "The function does not verify the user's permissions before processing audio data, allowing unauthorized access.",
      "exploitability": "High - any caller can invoke the function regardless of permissions.",
      "mitigations": "Add explicit access control checks based on user roles or permissions before processing."
    }
  ],
  "self_validation": "The safe code includes explicit access control checks preventing unauthorized execution, and the vulnerable code lacks these checks, correctly illustrating A01: Broken Access Control. Both versions are syntactically valid C code with no other vulnerabilities introduced.",
  "source_file": "1383_0.c"
}