{
  "owasp_category": "A01: Broken Access Control",
  "mapped_cwe": [
    "CWE-284"
  ],
  "attacker_view": "In the vulnerable code, the function lacks proper access control checks on the user_role parameter, allowing unauthorized users to invoke the audio resampling functionality, potentially leading to unauthorized resource usage or data exposure.",
  "defender_view": "The safe code enforces a strict check on the user_role parameter, allowing only authorized users (user_role == 1) to execute the audio resampling function, thereby preventing unauthorized access and mitigating broken access control risks.",
  "issues": [
    {
      "id": "CWE-284",
      "title": "Improper Access Control",
      "description": "The vulnerable code does not verify user permissions before allowing access to the audio resampling function, enabling unauthorized users to perform operations outside their intended permissions.",
      "exploitability": "An attacker can invoke the function with any user_role value, bypassing intended access restrictions and potentially causing unauthorized actions or resource consumption.",
      "mitigations": "Implement explicit access control checks validating user roles or permissions before executing sensitive operations. Use role-based access control (RBAC) or similar mechanisms to enforce least privilege."
    }
  ],
  "self_validation": "The safe code includes explicit access control checks and is free of known OWASP A01 vulnerabilities. The vulnerable code omits these checks, correctly illustrating broken access control. Both codes adhere to the constraints with no comments or extraneous text inside the code.",
  "source_file": "1405_0.c"
}