{
  "owasp_category": "A01: Broken Access Control",
  "mapped_cwe": [
    "CWE-284"
  ],
  "attacker_view": "An attacker can call the function without any permission checks and retrieve index entries they should not have access to, potentially exposing sensitive timestamp data or media segments.",
  "defender_view": "The function enforces permission checks before processing, ensuring only authorized users can access the index entries, preventing unauthorized data exposure.",
  "issues": [
    {
      "id": "CWE-284",
      "title": "Improper Access Control",
      "description": "The vulnerable code lacks any access control checks, allowing unauthorized users to access data outside their permissions.",
      "exploitability": "High - attackers can invoke the function and retrieve data without restriction.",
      "mitigations": "Implement strict permission checks before allowing access to sensitive data or functionality."
    }
  ],
  "self_validation": "The safe code includes explicit permission checks and is free of access control issues. The vulnerable code omits these checks, correctly illustrating an A01: Broken Access Control vulnerability as requested.",
  "source_file": "1422_0.c"
}