{
  "owasp_category": "A01: Broken Access Control",
  "mapped_cwe": [
    "CWE-284"
  ],
  "attacker_view": "An attacker can invoke the function without proper role checks, allowing them to manipulate or append data beyond their permissions, potentially leading to unauthorized data modification or leakage.",
  "defender_view": "The function enforces role-based access control by checking the user's role before performing string concatenation, preventing unauthorized users from modifying the destination buffer.",
  "issues": [
    {
      "id": "CWE-284",
      "title": "Improper Access Control",
      "description": "The vulnerable code lacks checks on user permissions before performing operations, allowing unauthorized users to execute actions they should not be permitted to.",
      "exploitability": "High - attackers can bypass intended restrictions and manipulate data or system state.",
      "mitigations": "Implement strict access control checks validating user roles or permissions before performing sensitive operations."
    }
  ],
  "self_validation": "The safe code includes explicit access control checks preventing unauthorized usage, and the vulnerable code omits these checks, correctly demonstrating an A01: Broken Access Control vulnerability. Both code snippets are syntactically valid C code and adhere to the constraints.",
  "source_file": "1476_0.c"
}