{
  "owasp_category": "A01: Broken Access Control",
  "mapped_cwe": [
    "CWE-284"
  ],
  "attacker_view": "The vulnerable code allows unauthorized modification of the output buffer 'dst' beyond the intended processing steps by resetting its contents arbitrarily, effectively bypassing intended access controls on the data. This can lead to data corruption or denial of service.",
  "defender_view": "The safe code includes validation checks ensuring pointers are not NULL before accessing or modifying memory, preventing unauthorized or unintended writes. It restricts operations strictly to intended data ranges, enforcing proper access control.",
  "issues": [
    {
      "id": "CWE-284",
      "title": "Improper Access Control",
      "description": "The vulnerable code performs unauthorized writes to the output buffer 'dst' beyond the intended processing, allowing attackers to manipulate data outside their permissions.",
      "exploitability": "An attacker with ability to influence function inputs or execution can trigger out-of-bounds or unauthorized writes, causing data corruption or denial of service.",
      "mitigations": "Validate all pointers before use, restrict memory writes to intended ranges, and enforce strict access control policies on data buffers."
    }
  ],
  "self_validation": "The safe code includes pointer null checks and restricts memory writes to intended data ranges, eliminating broken access control issues. The vulnerable code introduces unauthorized writes to the output buffer, demonstrating a clear example of OWASP A01: Broken Access Control. Both codes are syntactically valid C and adhere to the constraints.",
  "source_file": "1485_0.c"
}