{
  "owasp_category": "A01: Broken Access Control",
  "mapped_cwe": [
    "CWE-284"
  ],
  "attacker_view": "An attacker can invoke get_bits without any permission checks, allowing unauthorized access to bitstream data that should be restricted, potentially leading to information disclosure or unauthorized operations.",
  "defender_view": "The function enforces permission checks before accessing the bitstream, ensuring only authorized users can retrieve bits, thereby preventing unauthorized access and maintaining proper access control.",
  "issues": [
    {
      "id": "CWE-284",
      "title": "Improper Access Control",
      "description": "The function does not verify user permissions before accessing sensitive bitstream data, allowing unauthorized users to read data they should not access.",
      "exploitability": "High - attackers can call the function without restriction to access protected data.",
      "mitigations": "Implement explicit permission checks before accessing or returning sensitive data."
    }
  ],
  "self_validation": "The safe code includes explicit permission checks preventing unauthorized access, and the vulnerable code lacks these checks, correctly illustrating A01: Broken Access Control. Both code snippets are syntactically valid C code without comments or explanations inside.",
  "source_file": "1529_0.c"
}