{
  "owasp_category": "A01: Broken Access Control",
  "mapped_cwe": [
    "CWE-284"
  ],
  "attacker_view": "An attacker can invoke the function with arbitrary user_role or without any authorization checks, allowing them to execute the function and manipulate data they should not have access to, potentially causing unauthorized data modification or leakage.",
  "defender_view": "The defender enforces strict access control by verifying the user's role before allowing execution of the function, preventing unauthorized users from invoking sensitive operations.",
  "issues": [
    {
      "id": "CWE-284",
      "title": "Improper Access Control",
      "description": "The vulnerable code lacks authorization checks allowing unauthorized users to invoke the function and manipulate data outside their permissions.",
      "exploitability": "High - attackers can call the function without restriction leading to unauthorized data access or modification.",
      "mitigations": [
        "Implement role-based access control checks before function execution.",
        "Validate input parameters and user permissions.",
        "Limit function exposure to authorized contexts only."
      ]
    }
  ],
  "self_validation": "The safe code includes explicit access control checks and input validation to prevent unauthorized access, ensuring no known OWASP A01 vulnerabilities are present. The vulnerable code omits these checks, correctly demonstrating a Broken Access Control issue as per OWASP A01 and CWE-284.",
  "source_file": "1549_0.c"
}