{
  "owasp_category": "A01: Broken Access Control",
  "mapped_cwe": [
    "CWE-284"
  ],
  "attacker_view": "An attacker can invoke the function without any permission checks, potentially manipulating data they should not have access to, leading to unauthorized operations or data corruption.",
  "defender_view": "The function enforces a permission check before performing operations, ensuring only authorized users can execute the function and preventing unauthorized access or manipulation.",
  "issues": [
    {
      "id": "CWE-284",
      "title": "Improper Access Control",
      "description": "The vulnerable code lacks any access control checks, allowing unauthorized users to execute sensitive operations.",
      "exploitability": "High - attackers can invoke the function without restrictions, leading to unauthorized data manipulation.",
      "mitigations": "Implement strict access control checks before executing sensitive functions; validate user permissions."
    }
  ],
  "self_validation": "The safe code includes explicit access control checks and is free from known OWASP vulnerabilities. The vulnerable code omits access control, correctly illustrating Broken Access Control (A01). Both code snippets contain no comments or explanations inside the code, and all required fields are present.",
  "source_file": "1550_0.c"
}