{
  "owasp_category": "A01: Broken Access Control",
  "mapped_cwe": [
    "CWE-284",
    "CWE-285"
  ],
  "attacker_view": "An attacker can invoke the get_bits function without any permission checks, allowing unauthorized access to potentially sensitive bitstream data or operations beyond their intended scope.",
  "defender_view": "The safe code enforces permission checks before accessing bitstream data, ensuring only authorized users can perform the operation, thus preventing unauthorized access and enforcing proper access control.",
  "issues": [
    {
      "id": "CWE-284",
      "title": "Improper Access Control",
      "description": "The vulnerable code lacks checks to verify if the user has permission to access or manipulate the bitstream data, allowing unauthorized access.",
      "exploitability": "High - attackers can call the function without restrictions to access or manipulate data.",
      "mitigations": [
        "Implement explicit permission checks before performing sensitive operations.",
        "Validate user context and permissions prior to access."
      ]
    },
    {
      "id": "CWE-285",
      "title": "Improper Authorization",
      "description": "The vulnerable code does not enforce authorization policies, enabling users to perform actions outside their privileges.",
      "exploitability": "High - attackers can bypass authorization and perform unauthorized operations.",
      "mitigations": [
        "Enforce strict authorization policies in code.",
        "Use role-based access control or similar mechanisms to restrict function usage."
      ]
    }
  ],
  "self_validation": "The safe code includes explicit permission checks and user context validation, removing access control issues. The vulnerable code omits these checks, correctly illustrating broken access control per OWASP A01. Both code snippets are syntactically valid C code with no extraneous comments or explanations, fulfilling all constraints.",
  "source_file": "1583_0.c"
}