{
  "owasp_category": "A01: Broken Access Control",
  "mapped_cwe": [
    "CWE-284"
  ],
  "attacker_view": "An attacker can manipulate the bitstream index to reset or access bits outside their authorized range, potentially reading or modifying data they should not have access to.",
  "defender_view": "The code enforces boundary checks on the bitstream index to prevent out-of-bounds access, ensuring users cannot read or write beyond their permitted data range.",
  "issues": [
    {
      "id": "CWE-284",
      "title": "Improper Access Control",
      "description": "The vulnerable code resets the bitstream index arbitrarily, allowing unauthorized access to data outside the intended range.",
      "exploitability": "An attacker can exploit this to read or manipulate data beyond their permissions by forcing the index to an unauthorized position.",
      "mitigations": "Implement strict boundary checks on the index and prevent unauthorized modification of the bitstream position."
    }
  ],
  "self_validation": "The safe code includes boundary checks to prevent out-of-bounds access, ensuring no broken access control vulnerabilities. The vulnerable code intentionally resets the index allowing unauthorized access, correctly demonstrating A01: Broken Access Control.",
  "source_file": "1589_0.c"
}