{
  "owasp_category": "A01: Broken Access Control",
  "mapped_cwe": [
    "CWE-284"
  ],
  "attacker_view": "An attacker can manipulate the index to read bits outside the intended buffer boundaries, potentially accessing unauthorized memory or causing undefined behavior.",
  "defender_view": "The code enforces strict boundary checks on the index to ensure bits are only read within the allocated buffer, preventing unauthorized access.",
  "issues": [
    {
      "id": "CWE-284",
      "title": "Improper Access Control",
      "description": "The vulnerable code does not properly validate the index against the buffer size, allowing out-of-bounds bit reads which can lead to unauthorized data access or memory corruption.",
      "exploitability": "High - An attacker controlling the index can read or manipulate memory outside the intended range.",
      "mitigations": "Implement strict boundary checks on the index before accessing the buffer to ensure it does not exceed the buffer size."
    }
  ],
  "self_validation": "The safe code includes proper boundary checks preventing out-of-bounds access, fulfilling the constraints. The vulnerable code omits these checks, demonstrating broken access control consistent with OWASP A01.",
  "source_file": "1596_0.c"
}