{
  "owasp_category": "A01: Broken Access Control",
  "mapped_cwe": [
    "CWE-284"
  ],
  "attacker_view": "An attacker can specify arbitrary 'dir' values to access or modify motion vector cache and motion values outside their authorized boundaries, potentially manipulating or reading unauthorized video data.",
  "defender_view": "The code validates the 'dir' parameter to ensure it is within allowed bounds, preventing unauthorized access to motion vector caches and motion values, enforcing proper access control.",
  "issues": [
    {
      "id": "CWE-284",
      "title": "Improper Access Control",
      "description": "The vulnerable code does not validate the 'dir' parameter, allowing access to motion vector caches and motion values beyond intended permissions.",
      "exploitability": "High - An attacker can manipulate the 'dir' parameter to read or write unauthorized memory regions related to motion vectors.",
      "mitigations": "Validate all access control parameters such as 'dir' to ensure they are within allowed ranges before use."
    }
  ],
  "self_validation": "The safe code includes validation of the 'dir' parameter to prevent out-of-bounds access, ensuring no broken access control vulnerabilities. The vulnerable code omits this validation, correctly demonstrating an A01: Broken Access Control issue. Both code versions are syntactically valid C code without comments or explanations inside the code, fulfilling all constraints.",
  "source_file": "1630_0.c"
}