{
  "owasp_category": "A01: Broken Access Control",
  "mapped_cwe": [
    "CWE-284",
    "CWE-285"
  ],
  "attacker_view": "An attacker can invoke av_cmp_q without any access checks, potentially accessing or manipulating data or functionality they should not have permission for.",
  "defender_view": "Access control checks are enforced before performing the comparison operation, ensuring only authorized users can execute the function.",
  "issues": [
    {
      "id": "CWE-284",
      "title": "Improper Access Control",
      "description": "The function av_cmp_q lacks access control checks, allowing unauthorized users to call it.",
      "exploitability": "High - attackers can invoke the function without restrictions.",
      "mitigations": "Implement role or permission checks before executing sensitive operations."
    },
    {
      "id": "CWE-285",
      "title": "Improper Authorization",
      "description": "No authorization verification is performed, enabling users to act outside their intended permissions.",
      "exploitability": "High - unauthorized access to functionality is possible.",
      "mitigations": "Add explicit authorization logic to verify user permissions."
    }
  ],
  "self_validation": "The safe code includes explicit access control checks preventing unauthorized use, and the vulnerable code omits these checks, correctly illustrating A01: Broken Access Control vulnerabilities.",
  "source_file": "1668_0.c"
}