{
  "owasp_category": "A01: Broken Access Control",
  "mapped_cwe": [
    "CWE-284"
  ],
  "attacker_view": "An attacker can exploit missing or insufficient access control checks to invoke put_bits on unauthorized PutBitContext structures, potentially corrupting or leaking sensitive bitstream data by writing to buffers they should not access.",
  "defender_view": "The defender ensures that all accesses to PutBitContext and its buffers are properly authorized and validated before calling put_bits, preventing unauthorized users from manipulating or corrupting bitstream data.",
  "issues": [
    {
      "id": "CWE-284",
      "title": "Improper Access Control",
      "description": "The vulnerable code does not verify that the caller has permission to access or modify the PutBitContext buffer, allowing unauthorized access and modification.",
      "exploitability": "High - attackers with access to the function can manipulate buffers outside their permissions, leading to data corruption or leakage.",
      "mitigations": [
        "Validate user permissions before allowing access to PutBitContext.",
        "Implement access control checks at API boundaries.",
        "Use secure coding practices to verify pointers and context ownership."
      ]
    }
  ],
  "self_validation": "The safe code includes explicit null pointer checks to prevent unauthorized or invalid access, ensuring no broken access control vulnerabilities exist. The vulnerable code omits these checks, allowing unauthorized buffer manipulation, correctly mapping to OWASP A01: Broken Access Control.",
  "source_file": "1674_0.c"
}