{
  "owasp_category": "A01: Broken Access Control",
  "mapped_cwe": [
    "CWE-284"
  ],
  "attacker_view": "An attacker with insufficient privileges can manipulate the service ID (sid) to an unauthorized value, gaining access to or modifying data streams they should not control. This bypasses intended access restrictions by altering internal identifiers.",
  "defender_view": "The defender enforces strict role checks before allowing modifications or access to sensitive identifiers such as service IDs. Access control checks prevent unauthorized users from changing or accessing data outside their permissions.",
  "issues": [
    {
      "id": "CWE-284",
      "title": "Improper Access Control",
      "description": "The vulnerable code allows users without proper authorization to modify the service ID, enabling unauthorized access or control over the media streams.",
      "exploitability": "High - An attacker can easily bypass access controls by setting the user_role and manipulating the service ID.",
      "mitigations": [
        "Implement strict role-based access control checks before modifying sensitive data.",
        "Validate user permissions on all critical operations.",
        "Use immutable or protected identifiers that cannot be altered by unauthorized users."
      ]
    }
  ],
  "self_validation": "The safe code includes explicit role checks preventing unauthorized access, ensuring no broken access control vulnerabilities. The vulnerable code intentionally omits these checks and allows unauthorized modification of service identifiers, correctly demonstrating an OWASP A01: Broken Access Control issue.",
  "source_file": "1703_0.c"
}