{
  "owasp_category": "A01: Broken Access Control",
  "mapped_cwe": [
    "CWE-284"
  ],
  "attacker_view": "In the vulnerable code, there is no validation of the stream_index parameter before accessing ctx->streams[stream_index], allowing an attacker to specify an out-of-bounds or unauthorized stream index. This can lead to unauthorized access or manipulation of streams outside their permission scope.",
  "defender_view": "The safe code validates the stream_index parameter to ensure it is within the valid range of available streams before accessing the stream data, preventing unauthorized access and enforcing proper access control.",
  "issues": [
    {
      "id": "CWE-284",
      "title": "Improper Access Control",
      "description": "The vulnerable code lacks validation of the stream_index parameter, allowing access to unauthorized streams.",
      "exploitability": "An attacker can supply an out-of-range or unauthorized stream_index to access or manipulate data they should not have permission to.",
      "mitigations": "Validate input parameters such as stream_index to ensure they are within allowed ranges before accessing sensitive data structures."
    }
  ],
  "self_validation": "The safe code includes explicit validation of stream_index to prevent out-of-bounds access, ensuring no broken access control vulnerabilities. The vulnerable code omits this validation, correctly demonstrating an A01 Broken Access Control issue. Both code versions contain no comments or explanations inside the code, and all output is formatted as a single JSON object with the required keys.",
  "source_file": "1736_0.c"
}