{
  "owasp_category": "A01: Broken Access Control",
  "mapped_cwe": [
    "CWE-284"
  ],
  "attacker_view": "An attacker can invoke the write_pts function without any access checks, allowing unauthorized users to perform operations reserved for privileged users, potentially leading to data corruption or leakage.",
  "defender_view": "The defender implements an explicit access control check before performing the write_pts operation, ensuring only authorized users can execute the function, preventing unauthorized access.",
  "issues": [
    {
      "id": "CWE-284",
      "title": "Improper Access Control",
      "description": "The vulnerable code lacks access control checks, allowing unauthorized users to invoke sensitive functions.",
      "exploitability": "High - attackers can bypass intended restrictions and perform unauthorized actions.",
      "mitigations": [
        "Implement explicit access control checks before sensitive operations.",
        "Validate user roles or permissions prior to function execution.",
        "Fail securely by denying access when authorization is uncertain."
      ]
    }
  ],
  "self_validation": "The safe code includes explicit access control checks preventing unauthorized execution, fully addressing the OWASP A01 category. The vulnerable code omits these checks, correctly demonstrating broken access control. Both code snippets are syntactically valid C code with no other OWASP vulnerabilities.",
  "source_file": "1748_0.c"
}