{
  "owasp_category": "A01: Broken Access Control",
  "mapped_cwe": [
    "CWE-284"
  ],
  "attacker_view": "An attacker can specify an arbitrary PID (Packet Identifier) via the user_pid parameter to write PES packets to any stream, bypassing intended access restrictions and potentially injecting unauthorized data or disrupting other streams.",
  "defender_view": "The code enforces that the user_pid matches the stream's PID before allowing PES packet writing, preventing unauthorized access or modification of other streams' data.",
  "issues": [
    {
      "id": "CWE-284",
      "title": "Improper Access Control",
      "description": "The vulnerable code allows writing PES packets to any PID specified by the user without verifying if the user has permission to access that PID, enabling unauthorized access and modification.",
      "exploitability": "High - An attacker can specify arbitrary PIDs to inject or manipulate data streams.",
      "mitigations": [
        "Validate user input to ensure the PID matches the authorized stream PID.",
        "Implement strict access control checks before allowing operations on streams.",
        "Use secure coding practices to enforce permissions at the API level."
      ]
    }
  ],
  "self_validation": "The safe code includes explicit PID verification to prevent unauthorized access, fulfilling the constraint of being free from OWASP A01 vulnerabilities. The vulnerable code intentionally omits this check to demonstrate Broken Access Control. Both code snippets contain no comments or explanations inside the code, and all required fields are present.",
  "source_file": "1760_0.c"
}