{
  "owasp_category": "A01: Broken Access Control",
  "mapped_cwe": [
    "CWE-284"
  ],
  "attacker_view": "An attacker can manipulate the input parameter 'n' to access or influence blocks outside their authorized range, bypassing intended access restrictions and potentially causing unauthorized data exposure or modification.",
  "defender_view": "The code validates the input parameter 'n' to ensure it is within allowed bounds before accessing memory, preventing unauthorized access to data outside the permitted scope.",
  "issues": [
    {
      "id": "CWE-284",
      "title": "Improper Access Control",
      "description": "The vulnerable code does not validate the input parameter 'n' to ensure it is within the allowed range, allowing attackers to access or modify data outside their permissions.",
      "exploitability": "High - An attacker can provide out-of-bounds values for 'n' to access unauthorized memory regions.",
      "mitigations": [
        "Validate all input parameters to ensure they are within expected ranges.",
        "Implement strict access control checks before accessing sensitive data.",
        "Use safe coding practices to prevent out-of-bounds memory access."
      ]
    }
  ],
  "self_validation": "The safe code includes validation of the input parameter 'n' to prevent out-of-bounds access, ensuring no broken access control vulnerabilities. The vulnerable code omits this validation, allowing access control bypass consistent with OWASP A01. Both code snippets contain no comments or explanations inside the code, and all output is formatted as a single JSON object with the required keys.",
  "source_file": "1802_0.c"
}