{
  "owasp_category": "A01: Broken Access Control",
  "mapped_cwe": [
    "CWE-284",
    "CWE-285"
  ],
  "attacker_view": "An attacker without administrative privileges can manipulate the user_role or bypass role checks to zero out or alter quantization matrices, effectively disrupting encoding parameters or gaining unauthorized control over encoding behavior.",
  "defender_view": "The system enforces strict role checks and input validation to ensure only authorized users (e.g., ADMIN_ROLE) can modify or access sensitive encoding parameters, preventing unauthorized access or manipulation.",
  "issues": [
    {
      "id": "CWE-284",
      "title": "Improper Access Control",
      "description": "The vulnerable code fails to properly enforce access control on sensitive data structures, allowing unauthorized users to modify quantization matrices.",
      "exploitability": "High - attackers can exploit missing or weak role checks to manipulate encoding parameters.",
      "mitigations": "Implement strict role-based access control checks before allowing modifications to sensitive data."
    },
    {
      "id": "CWE-285",
      "title": "Improper Authorization",
      "description": "The code does not properly verify user permissions before applying changes, enabling privilege escalation or unauthorized actions.",
      "exploitability": "Medium - attackers can escalate privileges or perform unauthorized operations by exploiting missing authorization checks.",
      "mitigations": "Validate user roles and permissions explicitly and consistently throughout the code."
    }
  ],
  "self_validation": "The safe code includes input validation and prevents unauthorized access to sensitive data, ensuring no broken access control vulnerabilities. The vulnerable code introduces a role-based access control bypass allowing unauthorized users to modify critical data, correctly mapping to OWASP A01: Broken Access Control.",
  "source_file": "1836_0.c"
}