{
  "owasp_category": "A01: Broken Access Control",
  "mapped_cwe": [
    "CWE-284"
  ],
  "attacker_view": "An attacker can manipulate the 'n' parameter or internal state to bypass intended access restrictions, potentially accessing or modifying DC prediction values for blocks they should not control, leading to unauthorized data exposure or corruption.",
  "defender_view": "Implement strict validation and authorization checks on all inputs and internal indices to ensure users can only access or modify data within their permitted scope, preventing unauthorized access to sensitive data structures.",
  "issues": [
    {
      "id": "CWE-284",
      "title": "Improper Access Control",
      "description": "The vulnerable code does not validate or restrict access to the block index 'n' or related data, allowing attackers to access or manipulate data outside their authorized permissions.",
      "exploitability": "High - attackers can supply or manipulate indices to access unauthorized memory regions or data.",
      "mitigations": [
        "Validate all input parameters and indices before use.",
        "Enforce strict access control checks based on user permissions.",
        "Use safe APIs and memory access patterns to prevent out-of-bounds access."
      ]
    }
  ],
  "self_validation": "The safe code includes input validation and null checks to prevent unauthorized access and out-of-bounds errors, ensuring no broken access control vulnerabilities. The vulnerable code omits these checks, allowing access control bypass consistent with OWASP A01. Both code snippets contain no comments or explanations inside the code, and all required fields are present as per instructions.",
  "source_file": "1842_0.c"
}