{
  "owasp_category": "A01: Broken Access Control",
  "mapped_cwe": [
    "CWE-284"
  ],
  "attacker_view": "An attacker can manipulate the 'dir' parameter or the motion vector data to cause the function to return a row index outside the allowed bounds or access rows they should not have permission to access, potentially leading to unauthorized information disclosure or manipulation.",
  "defender_view": "The defender must ensure that inputs are validated and that the user has permission to access the referenced row before returning it. Proper boundary checks and access control checks prevent unauthorized access.",
  "issues": [
    {
      "id": "CWE-284",
      "title": "Improper Access Control",
      "description": "The vulnerable code does not validate the 'dir' parameter or enforce user permissions on the returned row, allowing unauthorized access to data outside intended boundaries.",
      "exploitability": "High - An attacker can supply crafted inputs to bypass intended access restrictions.",
      "mitigations": [
        "Validate all input parameters to ensure they are within expected ranges.",
        "Implement explicit access control checks based on user permissions before returning sensitive data.",
        "Enforce boundary checks on all computed indices."
      ]
    }
  ],
  "self_validation": "The safe code includes input validation and access control checks ensuring no out-of-bounds or unauthorized access occurs. The vulnerable code lacks these checks, correctly demonstrating a Broken Access Control vulnerability per OWASP A01.",
  "source_file": "1853_0.c"
}