{
  "owasp_category": "A01: Broken Access Control",
  "mapped_cwe": [
    "CWE-284"
  ],
  "attacker_view": "An attacker can invoke the encoding function without proper permission checks, allowing them to encode sequences or manipulate encoding parameters beyond their authorized scope, potentially leading to unauthorized data manipulation or resource abuse.",
  "defender_view": "The defender ensures that permission checks are enforced before encoding operations, preventing unauthorized users from performing encoding actions and thus maintaining proper access control.",
  "issues": [
    {
      "id": "CWE-284",
      "title": "Improper Access Control",
      "description": "The vulnerable code lacks checks to verify if the user has permission to perform the encoding operation, allowing unauthorized users to execute sensitive functions.",
      "exploitability": "High - attackers can invoke the function without restrictions to perform unauthorized encoding.",
      "mitigations": [
        "Implement explicit permission checks before sensitive operations.",
        "Validate user roles and permissions in the encoding context.",
        "Use secure coding practices to enforce access control."
      ]
    }
  ],
  "self_validation": "The safe code includes explicit access control checks preventing unauthorized usage, and the vulnerable code omits these checks, correctly demonstrating an OWASP A01 Broken Access Control vulnerability. Both code versions are syntactically valid C code without extraneous comments or explanations.",
  "source_file": "1867_0.c"
}