{
  "owasp_category": "A01: Broken Access Control",
  "mapped_cwe": [
    "CWE-284"
  ],
  "attacker_view": "An attacker can manipulate the mb_x, mb_y, or block_index values to write motion vector data outside of their authorized macroblock or block boundaries, potentially corrupting or controlling memory regions they should not access.",
  "defender_view": "The code validates indices and ensures that writes to motion vector tables occur only within authorized bounds, preventing unauthorized access or modification of memory outside the permitted areas.",
  "issues": [
    {
      "id": "CWE-284",
      "title": "Improper Access Control",
      "description": "The vulnerable code does not validate the indices used to access motion vector tables, allowing out-of-bounds or unauthorized writes.",
      "exploitability": "High - An attacker controlling input values can write to memory locations outside their permissions, leading to potential data corruption or privilege escalation.",
      "mitigations": [
        "Validate all indices before accessing arrays or memory.",
        "Enforce strict boundary checks based on user permissions and data structure sizes.",
        "Implement access control checks to ensure users can only modify their own data."
      ]
    }
  ],
  "self_validation": "The safe code includes boundary and null checks to prevent unauthorized memory access, ensuring no broken access control vulnerabilities. The vulnerable code omits these checks, allowing out-of-bounds writes consistent with OWASP A01: Broken Access Control.",
  "source_file": "1885_0.c"
}