{
  "owasp_category": "A01: Broken Access Control",
  "mapped_cwe": [
    "CWE-284"
  ],
  "attacker_view": "An attacker can exploit the lack of proper validation and access control checks in the vulnerable code to manipulate internal data structures or indexes beyond intended boundaries, potentially causing unauthorized data access or corruption.",
  "defender_view": "The safe code enforces strict validation of input parameters, index bounds, and state conditions before modifying internal data structures, preventing unauthorized or out-of-bounds access and ensuring integrity of the encoding context.",
  "issues": [
    {
      "id": "CWE-284",
      "title": "Improper Access Control",
      "description": "The vulnerable code does not validate or restrict access to internal data structures, allowing unauthorized manipulation of indices and data, leading to broken access control.",
      "exploitability": "An attacker with the ability to influence input parameters or context state can cause out-of-bounds writes or unauthorized data modifications.",
      "mitigations": [
        "Validate all input parameters and context state before use.",
        "Enforce strict bounds checking on array indices.",
        "Use assertions or error returns to prevent invalid state transitions."
      ]
    }
  ],
  "self_validation": "The safe code includes explicit validation and error handling to prevent broken access control issues. The vulnerable code omits these checks, enabling potential exploitation consistent with OWASP A01. Both code snippets are syntactically valid C and adhere to the constraints.",
  "source_file": "1895_0.c"
}