{
  "owasp_category": "A01: Broken Access Control",
  "mapped_cwe": [
    "CWE-284"
  ],
  "attacker_view": "The attacker can manipulate the 'n' parameter to access or influence blocks outside their authorized scope, bypassing intended access restrictions and potentially causing unauthorized data exposure or modification.",
  "defender_view": "The defender enforces strict validation on the 'n' parameter to ensure it falls within the allowed range, preventing access to unauthorized memory or data blocks and maintaining proper access control.",
  "issues": [
    {
      "id": "CWE-284",
      "title": "Improper Access Control",
      "description": "The function does not validate the 'n' parameter to ensure it is within valid bounds, allowing access to unauthorized memory regions.",
      "exploitability": "High - An attacker can supply out-of-bounds values to access or modify data they should not have access to.",
      "mitigations": [
        "Validate all input parameters to ensure they are within expected ranges.",
        "Implement boundary checks before accessing arrays or memory.",
        "Use secure coding practices to enforce access control."
      ]
    }
  ],
  "self_validation": "The safe code includes explicit bounds checking on 'n' to prevent out-of-bounds access, eliminating broken access control vulnerabilities. The vulnerable code omits this validation, allowing attackers to bypass access restrictions, correctly mapping to OWASP A01: Broken Access Control.",
  "source_file": "1912_0.c"
}