{
  "owasp_category": "A01: Broken Access Control",
  "mapped_cwe": [
    "CWE-284"
  ],
  "attacker_view": "The vulnerable code allows an attacker to specify arbitrary motion_x and motion_y values without validation or clipping, enabling access to memory regions outside the intended frame boundaries. This can lead to unauthorized reading or writing of memory, potentially leaking sensitive data or causing crashes.",
  "defender_view": "The safe code enforces strict boundary checks and clips motion vectors to valid ranges based on the frame dimensions and macroblock positions, preventing out-of-bounds memory access and ensuring that motion compensation operates only within authorized areas.",
  "issues": [
    {
      "id": "CWE-284",
      "title": "Improper Access Control",
      "description": "The vulnerable code does not validate or restrict motion vector parameters, allowing access outside authorized memory regions.",
      "exploitability": "High - An attacker can craft inputs to read or write outside intended buffer boundaries.",
      "mitigations": [
        "Validate and clip motion vectors to frame boundaries.",
        "Enforce strict access control on memory references.",
        "Implement input validation on all user-controllable parameters."
      ]
    }
  ],
  "self_validation": "The safe code includes boundary checks and input validation to prevent broken access control vulnerabilities. The vulnerable code deliberately omits these checks to demonstrate the A01 category issue. Both code snippets contain no comments or explanations inside the code, only the required C code. The manifest accurately maps the vulnerability to OWASP A01 and CWE-284 with attacker and defender perspectives and detailed issue description.",
  "source_file": "1958_0.c"
}