{
  "owasp_category": "A01: Broken Access Control",
  "mapped_cwe": [
    "CWE-284"
  ],
  "attacker_view": "An attacker can invoke alloc_picture_tables without proper permission checks, potentially causing unauthorized allocation or access to picture buffers that should be restricted, leading to privilege escalation or resource exhaustion.",
  "defender_view": "The function enforces access control by verifying the user's permissions before proceeding with buffer allocations, preventing unauthorized users from accessing or manipulating sensitive picture data.",
  "issues": [
    {
      "id": "CWE-284",
      "title": "Improper Access Control",
      "description": "The vulnerable code lacks checks to verify if the caller has the appropriate permissions to allocate picture buffers, allowing unauthorized access.",
      "exploitability": "High - Attackers can exploit this to allocate or manipulate buffers without authorization, potentially leading to privilege escalation or denial of service.",
      "mitigations": "Implement explicit permission checks before performing sensitive operations to ensure only authorized users can execute them."
    }
  ],
  "self_validation": "The safe code includes explicit access control checks and is free from known OWASP vulnerabilities. The vulnerable code omits these checks, correctly demonstrating an A01: Broken Access Control vulnerability as specified.",
  "source_file": "1965_0.c"
}