{
  "owasp_category": "A01: Broken Access Control",
  "mapped_cwe": [
    "CWE-284"
  ],
  "attacker_view": "An attacker can manipulate mb_x and mb_y values to access or modify memory outside their authorized boundaries, potentially leading to unauthorized data access or corruption.",
  "defender_view": "Implement strict validation of mb_x and mb_y to ensure they remain within valid bounds, preventing out-of-bounds memory access and enforcing proper access control.",
  "issues": [
    {
      "id": "CWE-284",
      "title": "Improper Access Control",
      "description": "The vulnerable code does not validate mb_x and mb_y indices, allowing out-of-bounds access to memory buffers.",
      "exploitability": "High - An attacker controlling mb_x or mb_y can cause out-of-bounds reads or writes.",
      "mitigations": [
        "Validate input indices before use.",
        "Enforce boundary checks on all array accesses.",
        "Use safe memory access patterns."
      ]
    }
  ],
  "self_validation": "The safe code includes explicit boundary checks on mb_x and mb_y to prevent out-of-bounds access, satisfying the constraints. The vulnerable code omits these checks, enabling broken access control as per OWASP A01. Both code snippets contain no comments or explanations inside the code, only the required C code strings. The manifest fully describes the vulnerability, mapping, attacker and defender perspectives, and mitigations.",
  "source_file": "1969_0.c"
}