{
  "owasp_category": "A01: Broken Access Control",
  "mapped_cwe": [
    "CWE-284"
  ],
  "attacker_view": "The attacker can manipulate the block index 'n' to access or modify DC prediction values outside their authorized scope, potentially leaking or corrupting data from other macroblocks or color components.",
  "defender_view": "The defender ensures that the index 'n' is validated against allowed ranges and that access to DC values is restricted to authorized blocks only, preventing unauthorized access or modification.",
  "issues": [
    {
      "id": "CWE-284",
      "title": "Improper Access Control",
      "description": "The vulnerable code does not validate the input parameter 'n' to ensure it is within the valid range, allowing out-of-bounds access to internal data structures.",
      "exploitability": "High - An attacker can supply out-of-range indices to read or write memory outside intended bounds.",
      "mitigations": [
        "Validate all input parameters before use.",
        "Enforce strict boundary checks on indices accessing internal data.",
        "Implement access control checks to restrict data access to authorized contexts."
      ]
    }
  ],
  "self_validation": "The safe code includes input validation to prevent out-of-bounds access and null pointer checks, ensuring no broken access control vulnerabilities. The vulnerable code omits these checks, allowing unauthorized access, correctly mapping to OWASP A01: Broken Access Control.",
  "source_file": "1984_0.c"
}