{
  "owasp_category": "A01: Broken Access Control",
  "mapped_cwe": [
    "CWE-284"
  ],
  "attacker_view": "An attacker can manipulate mb_x and mb_y values to access or modify memory outside their authorized boundaries, potentially leading to unauthorized data access or corruption.",
  "defender_view": "The code validates mb_x and mb_y to ensure they are within allowed bounds before using them, preventing out-of-bounds memory access and enforcing proper access control.",
  "issues": [
    {
      "id": "CWE-284",
      "title": "Improper Access Control",
      "description": "The vulnerable code does not validate mb_x and mb_y values, allowing out-of-bounds memory access and broken access control.",
      "exploitability": "High - attackers can supply out-of-range indices to access or corrupt memory.",
      "mitigations": "Validate input indices mb_x and mb_y against allowed ranges before usage."
    }
  ],
  "self_validation": "The safe code includes explicit boundary checks on mb_x and mb_y, preventing out-of-bounds access. The vulnerable code omits these checks, enabling broken access control as per OWASP A01. Both code snippets are syntactically valid C and adhere to the user's constraints.",
  "source_file": "2066_0.c"
}