{
  "owasp_category": "A01: Broken Access Control",
  "mapped_cwe": [
    "CWE-284"
  ],
  "attacker_view": "An attacker can invoke the function without any access checks, allowing unauthorized copying of image data potentially leading to data leakage or unauthorized data manipulation.",
  "defender_view": "Implement explicit permission checks before performing the copy operation to ensure only authorized users can execute the function, preventing unauthorized access to sensitive data.",
  "issues": [
    {
      "id": "CWE-284",
      "title": "Improper Access Control",
      "description": "The function performs sensitive operations without verifying if the caller has the necessary permissions, allowing unauthorized access.",
      "exploitability": "High - attackers can invoke the function to copy data they should not access.",
      "mitigations": "Add explicit permission checks before performing the operation; enforce least privilege principle."
    }
  ],
  "self_validation": "The safe code includes explicit permission checks preventing unauthorized access, and the vulnerable code lacks these checks, correctly demonstrating broken access control as per OWASP A01.",
  "source_file": "2153_0.c"
}