{
  "owasp_category": "A01: Broken Access Control",
  "mapped_cwe": [
    "CWE-284"
  ],
  "attacker_view": "An attacker can call av_realloc without any access control checks, potentially reallocating memory in contexts they should not have permission to, leading to unauthorized memory manipulation or resource exhaustion.",
  "defender_view": "Implement explicit access control checks before allowing memory reallocation operations, ensuring only authorized roles can perform such actions.",
  "issues": [
    {
      "id": "CWE-284",
      "title": "Improper Access Control",
      "description": "The function av_realloc does not verify the caller's permissions before reallocating memory, allowing unauthorized users to perform memory operations.",
      "exploitability": "High - Any caller can invoke the function without restriction.",
      "mitigations": [
        "Add role or permission checks before performing memory operations.",
        "Validate user identity and authorization context.",
        "Use secure coding practices to enforce least privilege."
      ]
    }
  ],
  "self_validation": "The safe code includes explicit access control checks preventing unauthorized use, and the vulnerable code lacks these checks, correctly mapping to OWASP A01: Broken Access Control. No comments or explanations are included inside the code as per constraints.",
  "source_file": "2154_0.c"
}