{
  "owasp_category": "A01: Broken Access Control",
  "mapped_cwe": [
    "CWE-284"
  ],
  "attacker_view": "An attacker can invoke av_frame_unref on frames they do not have permission to modify or free, potentially causing unauthorized resource manipulation or denial of service by freeing memory they should not control.",
  "defender_view": "Implement access control checks to ensure only authorized users or contexts can invoke av_frame_unref on a given frame, preventing unauthorized memory operations and preserving system integrity.",
  "issues": [
    {
      "id": "CWE-284",
      "title": "Improper Access Control",
      "description": "The function av_frame_unref does not verify whether the caller has permission to modify or free the frame, allowing unauthorized access to sensitive operations.",
      "exploitability": "High - attackers can cause unauthorized memory deallocation leading to potential crashes or data corruption.",
      "mitigations": [
        "Add explicit access control checks before performing sensitive operations.",
        "Validate user or context permissions prior to resource manipulation.",
        "Implement least privilege principles in API design."
      ]
    }
  ],
  "self_validation": "The safe code includes explicit access control checks validating user permissions before freeing frame resources, eliminating broken access control vulnerabilities. The vulnerable code lacks such checks, allowing unauthorized access consistent with OWASP A01: Broken Access Control. Both code snippets are syntactically correct and adhere to the constraints.",
  "source_file": "2162_0.c"
}