{
  "owasp_category": "A01: Broken Access Control",
  "mapped_cwe": [
    "CWE-284"
  ],
  "attacker_view": "The attacker can manipulate the input pict_type to bypass intended quantization limits, causing the function to assign invalid or unauthorized quantization values (e.g., zero) for certain picture types, potentially degrading video quality or causing unexpected behavior.",
  "defender_view": "The defender ensures that quantization values are properly calculated and limited according to picture type and codec context parameters, preventing unauthorized or out-of-bound values from being assigned.",
  "issues": [
    {
      "id": "CWE-284",
      "title": "Improper Access Control",
      "description": "The vulnerable code allows certain picture types (I and B) to bypass normal quantization calculation and assigns a fixed value (zero), which is outside the expected range and logic, effectively allowing unauthorized manipulation of quantization parameters.",
      "exploitability": "An attacker controlling the pict_type can cause the function to assign invalid quantization values, potentially impacting encoding quality or stability.",
      "mitigations": [
        "Validate and enforce quantization calculations for all picture types without bypassing logic.",
        "Implement strict checks on input parameters to ensure they conform to expected ranges and types.",
        "Use role-based or context-based access controls to restrict who can influence picture type or quantization parameters."
      ]
    }
  ],
  "self_validation": "The safe code is verified to maintain original logic and enforce quantization limits correctly without introducing access control issues. The vulnerable code intentionally introduces a logic bypass for certain picture types, mapping correctly to OWASP A01: Broken Access Control by allowing unauthorized manipulation of quantization parameters.",
  "source_file": "2172_0.c"
}