{
  "owasp_category": "A01: Broken Access Control",
  "mapped_cwe": [
    "CWE-284"
  ],
  "attacker_view": "An attacker can manipulate the 'field' parameter to access or modify progress data outside their authorized range, potentially corrupting or leaking sensitive progress information.",
  "defender_view": "Implement strict validation on the 'field' parameter to ensure it falls within allowed bounds, preventing unauthorized access or modification of progress data.",
  "issues": [
    {
      "id": "CWE-284",
      "title": "Improper Access Control",
      "description": "The function does not validate the 'field' index, allowing out-of-bounds access to the progress array, leading to unauthorized data modification.",
      "exploitability": "High - An attacker controlling 'field' can write to arbitrary memory locations within the progress array bounds.",
      "mitigations": "Validate the 'field' parameter against defined limits before using it to index the progress array."
    }
  ],
  "self_validation": "The safe code includes validation of the 'field' parameter to prevent out-of-bounds access, ensuring no broken access control issues. The vulnerable code omits this check, enabling broken access control as per OWASP A01.",
  "source_file": "2200_0.c"
}