{
  "owasp_category": "A01: Broken Access Control",
  "mapped_cwe": [
    "CWE-284"
  ],
  "attacker_view": "An attacker can invoke av_frame_unref on frames they do not have permission to modify or free, potentially causing unauthorized memory manipulation or denial of service by freeing resources they should not control.",
  "defender_view": "The function enforces access control by verifying the user's permissions before allowing the frame to be unreferenced and freed, preventing unauthorized resource manipulation.",
  "issues": [
    {
      "id": "CWE-284",
      "title": "Improper Access Control",
      "description": "The vulnerable code does not verify whether the caller has permission to unreference and free the frame, allowing unauthorized users to manipulate memory they should not access.",
      "exploitability": "High - attackers can cause memory corruption or denial of service by freeing resources they do not own.",
      "mitigations": "Implement access control checks to verify user permissions before performing sensitive operations on resources."
    }
  ],
  "self_validation": "The safe code includes explicit access control checks and is free of known OWASP vulnerabilities. The vulnerable code omits access control, correctly illustrating A01: Broken Access Control. Both code snippets contain no comments or explanations inside the code, and the manifest fully describes the vulnerability and mitigation.",
  "source_file": "2208_0.c"
}