{
  "owasp_category": "A01: Broken Access Control",
  "mapped_cwe": [
    "CWE-284"
  ],
  "attacker_view": "An attacker can call the put_obmc function without proper authorization checks, allowing them to invoke the function and potentially manipulate or access data they should not have permission to. This represents broken access control as the function does not restrict usage based on user roles or permissions.",
  "defender_view": "The defender ensures that the put_obmc function checks the user's role or permissions before executing the core logic, preventing unauthorized users from invoking the function and enforcing proper access control.",
  "issues": [
    {
      "id": "CWE-284",
      "title": "Improper Access Control",
      "description": "The vulnerable code lacks checks to verify if the caller has the appropriate permissions to execute the function, allowing unauthorized access.",
      "exploitability": "High - attackers can invoke the function without restriction, potentially leading to unauthorized data manipulation or access.",
      "mitigations": "Implement role or permission checks before executing sensitive functions to ensure only authorized users can invoke them."
    }
  ],
  "self_validation": "The safe code includes explicit access control checks preventing unauthorized execution, and the vulnerable code omits these checks, correctly illustrating broken access control per OWASP A01. Both code snippets are syntactically valid C code and adhere to the constraints.",
  "source_file": "2258_0.c"
}