{
  "owasp_category": "A01: Broken Access Control",
  "mapped_cwe": [
    "CWE-284"
  ],
  "attacker_view": "An attacker can invoke the put_obmc function without any access control checks, allowing unauthorized users to execute operations intended only for privileged roles, potentially leading to unauthorized data manipulation or leakage.",
  "defender_view": "Implementing explicit access control checks within the function ensures that only authorized users with the correct role can execute the operation, preventing unauthorized access and preserving data integrity.",
  "issues": [
    {
      "id": "CWE-284",
      "title": "Improper Access Control",
      "description": "The function put_obmc lacks access control checks, allowing any caller to invoke it regardless of permissions.",
      "exploitability": "High - Any user can call the function and perform operations without restrictions.",
      "mitigations": [
        "Add role or permission checks before performing sensitive operations.",
        "Validate user identity and authorization context before function execution."
      ]
    }
  ],
  "self_validation": "The safe code includes explicit access control checks preventing unauthorized use, ensuring no broken access control vulnerabilities. The vulnerable code omits these checks, allowing unrestricted access, correctly mapping to OWASP A01: Broken Access Control and CWE-284.",
  "source_file": "2270_0.c"
}