{
  "owasp_category": "A01: Broken Access Control",
  "mapped_cwe": [
    "CWE-284"
  ],
  "attacker_view": "An attacker can invoke the chroma_4mv_motion function without proper permission checks, allowing them to access or manipulate video frame data outside their authorized boundaries, potentially leading to unauthorized data exposure or tampering.",
  "defender_view": "The defender ensures that user permission levels are checked before executing motion compensation operations, preventing unauthorized users from accessing or modifying protected video data.",
  "issues": [
    {
      "id": "CWE-284",
      "title": "Improper Access Control",
      "description": "The vulnerable code lacks checks on user permissions before accessing and manipulating video frame data, allowing unauthorized access.",
      "exploitability": "High - attackers can exploit the missing access control to perform unauthorized operations on video data.",
      "mitigations": [
        "Implement strict permission checks before performing sensitive operations.",
        "Validate user roles and permissions at the API or function entry points.",
        "Use secure coding practices to enforce access control consistently."
      ]
    }
  ],
  "self_validation": "The safe code includes explicit permission checks preventing unauthorized access, ensuring compliance with OWASP A01. The vulnerable code omits these checks, demonstrating broken access control. Both code snippets are syntactically valid C code and adhere to the user's constraints.",
  "source_file": "2297_0.c"
}