{
  "owasp_category": "A01: Broken Access Control",
  "mapped_cwe": [
    "CWE-284"
  ],
  "attacker_view": "An attacker can manipulate the mb_y loop to process macroblocks outside the intended start_mb_y to end_mb_y range, potentially accessing or modifying memory regions they should not have permission to, leading to unauthorized data exposure or corruption.",
  "defender_view": "The code enforces strict bounds on mb_y using start_mb_y and end_mb_y, validating indices to ensure processing only occurs within authorized macroblock ranges, preventing unauthorized access or modification.",
  "issues": [
    {
      "id": "CWE-284",
      "title": "Improper Access Control",
      "description": "The vulnerable code does not restrict the mb_y loop to the authorized range, allowing processing of macroblocks outside intended boundaries.",
      "exploitability": "High - An attacker controlling input can cause out-of-bounds access or unauthorized data manipulation.",
      "mitigations": "Validate and enforce access boundaries using start_mb_y and end_mb_y; perform input validation and boundary checks before processing."
    }
  ],
  "self_validation": "The safe code includes boundary checks and input validation to restrict processing within authorized ranges, eliminating broken access control. The vulnerable code omits these checks, allowing out-of-bounds access, correctly mapping to OWASP A01: Broken Access Control and CWE-284.",
  "source_file": "2340_0.c"
}