{
  "owasp_category": "A01: Broken Access Control",
  "mapped_cwe": [
    "CWE-284"
  ],
  "attacker_view": "An attacker can invoke get_frame_defaults without any access control checks, potentially resetting or manipulating frame data they should not have permission to modify, leading to unauthorized state changes or denial of service.",
  "defender_view": "Implementing role-based access control by checking user permissions before allowing frame data modifications ensures only authorized users can reset frame defaults, preventing unauthorized access or manipulation.",
  "issues": [
    {
      "id": "CWE-284",
      "title": "Improper Access Control",
      "description": "The function allows any caller to reset frame data without verifying if the caller has appropriate permissions.",
      "exploitability": "High - attackers can invoke the function to manipulate or reset data they should not control.",
      "mitigations": "Enforce access control checks before performing sensitive operations, such as verifying user roles or permissions."
    }
  ],
  "self_validation": "The safe code includes explicit access control checks preventing unauthorized usage, and the vulnerable code lacks such checks, correctly illustrating OWASP A01: Broken Access Control. Both code snippets are syntactically correct and adhere to the constraints.",
  "source_file": "2343_0.c"
}