{
  "owasp_category": "A01: Broken Access Control",
  "mapped_cwe": [
    "CWE-284"
  ],
  "attacker_view": "An attacker can supply an out-of-range block index 'n' to access or modify memory outside the intended bounds, potentially leading to unauthorized data manipulation or code execution.",
  "defender_view": "The code validates the block index 'n' to ensure it is within the valid range before proceeding, preventing unauthorized access or modification of memory outside intended bounds.",
  "issues": [
    {
      "id": "CWE-284",
      "title": "Improper Access Control on Block Index",
      "description": "The vulnerable code does not validate the 'n' parameter, allowing out-of-bounds access to arrays and memory, leading to broken access control.",
      "exploitability": "High - An attacker can supply crafted inputs to manipulate memory outside intended boundaries.",
      "mitigations": "Validate all input parameters, especially indices used for array access, to ensure they are within allowed ranges before use."
    }
  ],
  "self_validation": "The safe code includes explicit validation of the 'n' parameter to prevent out-of-bounds access, addressing the broken access control issue. The vulnerable code omits this validation, correctly demonstrating the OWASP A01 category. Both code versions contain no comments or explanations inside the code, and all constraints are met.",
  "source_file": "2366_0.c"
}