{
  "owasp_category": "A01: Broken Access Control",
  "mapped_cwe": [
    "CWE-284"
  ],
  "attacker_view": "An attacker can invoke fill_buffer without any permission checks, allowing them to read or modify buffer contents beyond their authorized scope, potentially leading to unauthorized data access or manipulation.",
  "defender_view": "The function enforces permission checks before proceeding, ensuring only authorized users can fill or manipulate the buffer, thereby preventing unauthorized access and preserving data integrity.",
  "issues": [
    {
      "id": "CWE-284",
      "title": "Improper Access Control",
      "description": "The vulnerable code lacks checks to verify if the caller has the appropriate permissions to perform buffer operations, allowing unauthorized access.",
      "exploitability": "High - attackers can exploit this to read or write data they should not have access to.",
      "mitigations": "Implement strict access control checks before buffer operations; validate user permissions and roles."
    }
  ],
  "self_validation": "The safe code includes explicit permission checks preventing unauthorized access, ensuring compliance with OWASP A01 requirements. The vulnerable code omits these checks, illustrating broken access control. Both code snippets are syntactically valid C code and adhere to the input constraints.",
  "source_file": "2377_0.c"
}