{
  "owasp_category": "A01: Broken Access Control",
  "mapped_cwe": [
    "CWE-284"
  ],
  "attacker_view": "The attacker exploits the lack of proper access control checks allowing them to execute transformations on channel groups regardless of their permissions, potentially manipulating or accessing audio data they should not have access to.",
  "defender_view": "The defender ensures that transformations are only applied when the channel group is authorized and the conditions strictly enforce intended access, preventing unauthorized manipulation of audio data.",
  "issues": [
    {
      "id": "CWE-284",
      "title": "Improper Access Control",
      "description": "The vulnerable code fails to restrict the transformation operation to authorized channel groups only, allowing unauthorized users to perform transformations outside their permissions.",
      "exploitability": "High - attackers can manipulate audio data by bypassing intended access restrictions.",
      "mitigations": [
        "Implement strict access control checks before performing transformations.",
        "Validate user permissions against the channel group before processing.",
        "Use role-based access control to enforce least privilege."
      ]
    }
  ],
  "self_validation": "The safe code is free from access control issues and does not allow unauthorized transformations. The vulnerable code intentionally omits a critical access control check, correctly mapping to OWASP A01: Broken Access Control. Both code snippets are valid C code and adhere to the constraints.",
  "source_file": "2380_0.c"
}