{
  "owasp_category": "A01: Broken Access Control",
  "mapped_cwe": [
    "CWE-284"
  ],
  "attacker_view": "The attacker can invoke fill_buffer without any permission checks, allowing them to read or manipulate data buffers beyond their authorized scope, potentially leading to unauthorized data access or modification.",
  "defender_view": "The defender enforces permission checks before buffer operations, ensuring only authorized users can trigger buffer fills, preventing unauthorized access or manipulation of sensitive data.",
  "issues": [
    {
      "id": "CWE-284",
      "title": "Improper Access Control",
      "description": "The vulnerable code lacks access control checks before performing buffer operations, allowing unauthorized users to access or modify data.",
      "exploitability": "High - attackers can exploit missing permission checks to access or manipulate data buffers.",
      "mitigations": [
        "Implement strict access control checks before sensitive operations.",
        "Validate user permissions before allowing buffer manipulation.",
        "Use role-based access control to restrict function usage."
      ]
    }
  ],
  "self_validation": "The safe code includes explicit permission checks preventing unauthorized access, fulfilling the OWASP A01 category requirements. The vulnerable code omits these checks, demonstrating broken access control. Both codes are syntactically valid C and adhere to the constraints.",
  "source_file": "2392_0.c"
}