{
  "owasp_category": "A01: Broken Access Control",
  "mapped_cwe": [
    "CWE-284"
  ],
  "attacker_view": "An attacker can access resources or functions beyond their authorization level, such as accessing admin-only resources without proper checks.",
  "defender_view": "Implement strict access control checks verifying user roles and permissions before granting access to resources.",
  "issues": [
    {
      "id": "CWE-284",
      "title": "Improper Access Control",
      "description": "The vulnerable code does not enforce any access control checks, allowing users to access resources regardless of their permissions.",
      "exploitability": "High - attackers can easily access restricted resources by bypassing access control.",
      "mitigations": [
        "Implement role-based access control checks.",
        "Validate user permissions before granting access.",
        "Use secure coding practices to enforce access restrictions."
      ]
    }
  ],
  "self_validation": "The safe code includes proper role-based access control checks preventing unauthorized access. The vulnerable code lacks any access control, allowing unauthorized resource access, correctly illustrating OWASP A01: Broken Access Control.",
  "source_file": "2426_0.c"
}