{
  "owasp_category": "A01: Broken Access Control",
  "mapped_cwe": [
    "CWE-284"
  ],
  "attacker_view": "An attacker can invoke the reposition function with arbitrary positions without any permission checks, allowing them to seek to unauthorized parts of the media stream or data, potentially accessing or manipulating content they should not have access to.",
  "defender_view": "The defender ensures that repositioning is only allowed if the user has explicit permission to access the requested position, preventing unauthorized seeking and enforcing access control policies.",
  "issues": [
    {
      "id": "CWE-284",
      "title": "Improper Access Control",
      "description": "The vulnerable code lacks any access control checks before allowing repositioning, enabling unauthorized users to perform seek operations outside their permitted range.",
      "exploitability": "High - attackers can easily call the function with arbitrary positions to bypass intended access restrictions.",
      "mitigations": "Implement explicit permission checks before repositioning; validate user context and requested position against access control policies."
    }
  ],
  "self_validation": "The safe code includes explicit access control checks and is free from broken access control vulnerabilities. The vulnerable code omits these checks, correctly illustrating an OWASP A01: Broken Access Control issue. Both code snippets are valid C and adhere to the constraints.",
  "source_file": "2444_0.c"
}