{
  "owasp_category": "A01: Broken Access Control",
  "mapped_cwe": [
    "CWE-284"
  ],
  "attacker_view": "An attacker can invoke avio_write without proper authorization checks, allowing them to write data to buffers they should not have access to, potentially leading to unauthorized data modification or corruption.",
  "defender_view": "The function enforces access control by verifying user permissions before allowing write operations, preventing unauthorized users from writing to sensitive buffers.",
  "issues": [
    {
      "id": "CWE-284",
      "title": "Improper Access Control",
      "description": "The vulnerable code does not verify whether the caller has permission to write to the buffer, allowing unauthorized access.",
      "exploitability": "High - attackers can write arbitrary data to buffers without restriction.",
      "mitigations": [
        "Implement strict access control checks before performing write operations.",
        "Validate user permissions and roles prior to buffer modification.",
        "Use secure coding practices to enforce least privilege."
      ]
    }
  ],
  "self_validation": "The safe code includes explicit access control checks preventing unauthorized writes, ensuring no broken access control issues. The vulnerable code omits these checks, correctly illustrating the OWASP A01 category. Both code snippets are syntactically valid C code with no extraneous comments or explanations.",
  "source_file": "2503_0.c"
}