{
  "owasp_category": "A01: Broken Access Control",
  "mapped_cwe": [
    "CWE-284"
  ],
  "attacker_view": "An attacker can manipulate the stream number assignment in the header to access or modify streams they should not have permissions for, bypassing intended access controls.",
  "defender_view": "The code enforces correct stream numbering and access permissions, ensuring that each stream is assigned a unique and correct identifier preventing unauthorized access.",
  "issues": [
    {
      "id": "CWE-284",
      "title": "Improper Access Control on Stream Numbering",
      "description": "The vulnerable code assigns the same stream number to all streams, allowing attackers to potentially access or manipulate streams outside their permissions.",
      "exploitability": "An attacker can exploit this by crafting or modifying stream headers to access or interfere with other streams, leading to unauthorized data access or corruption.",
      "mitigations": [
        "Assign unique and correct stream numbers to each stream.",
        "Validate stream identifiers before use.",
        "Implement strict access control checks on stream operations."
      ]
    }
  ],
  "self_validation": "The safe code is free of broken access control issues related to stream numbering. The vulnerable code intentionally violates access control by assigning identical stream numbers, correctly mapping to OWASP A01: Broken Access Control and CWE-284. Both code snippets contain no comments or explanations inside the code, fulfilling all constraints.",
  "source_file": "2511_0.c"
}