{
  "owasp_category": "A01: Broken Access Control",
  "mapped_cwe": [
    "CWE-284"
  ],
  "attacker_view": "An attacker can invoke fill_buffer without proper permission checks, potentially accessing or manipulating data buffers they should not have access to, leading to unauthorized data exposure or modification.",
  "defender_view": "Implement strict permission checks before allowing buffer operations to ensure only authorized users can trigger fill_buffer, preventing unauthorized access or data manipulation.",
  "issues": [
    {
      "id": "CWE-284",
      "title": "Improper Access Control",
      "description": "The function fill_buffer does not verify user permissions before performing buffer operations, allowing unauthorized users to access or modify data.",
      "exploitability": "High - Attackers can exploit the lack of access control to read or write data buffers beyond their privileges.",
      "mitigations": "Add explicit permission checks before buffer operations; enforce least privilege principle; validate user roles and permissions rigorously."
    }
  ],
  "self_validation": "The safe code includes explicit permission checks preventing unauthorized buffer access, ensuring no broken access control vulnerabilities. The vulnerable code lacks these checks, correctly demonstrating an A01 Broken Access Control issue as required.",
  "source_file": "2516_0.c"
}