{
  "owasp_category": "A01: Broken Access Control",
  "mapped_cwe": [
    "CWE-284"
  ],
  "attacker_view": "An attacker can call get_bits without any permission checks, allowing unauthorized access to sensitive bitstream data, potentially leaking or manipulating data they should not access.",
  "defender_view": "The function enforces permission checks via the UserContext parameter before accessing bitstream data, preventing unauthorized users from reading or manipulating bits outside their allowed scope.",
  "issues": [
    {
      "id": "CWE-284",
      "title": "Improper Access Control",
      "description": "The vulnerable code does not verify if the caller has the necessary permissions before accessing bitstream data, allowing unauthorized access.",
      "exploitability": "High - attackers can invoke the function directly without restrictions to read or manipulate data.",
      "mitigations": [
        "Implement explicit permission checks before accessing sensitive data.",
        "Use user context or session information to enforce access control.",
        "Validate all inputs and enforce least privilege principles."
      ]
    }
  ],
  "self_validation": "The safe code includes explicit access control checks and is free from known OWASP vulnerabilities. The vulnerable code lacks access control, correctly illustrating A01: Broken Access Control.",
  "source_file": "2521_0.c"
}