{
  "owasp_category": "A01: Broken Access Control",
  "mapped_cwe": [
    "CWE-284"
  ],
  "attacker_view": "An attacker can invoke get_bits without any permission checks, allowing them to read bits from contexts they should not access, potentially leaking sensitive data or manipulating state.",
  "defender_view": "The function enforces permission checks before accessing bit contexts, ensuring only authorized users can read bits, preventing unauthorized access and data leakage.",
  "issues": [
    {
      "id": "CWE-284",
      "title": "Improper Access Control",
      "description": "The vulnerable code lacks access control checks, allowing unauthorized users to access sensitive bitstream data.",
      "exploitability": "High - attackers can call the function without restrictions to access or manipulate data.",
      "mitigations": [
        "Implement permission checks before accessing sensitive data.",
        "Validate user context and permissions explicitly.",
        "Use secure coding practices to enforce access control."
      ]
    }
  ],
  "self_validation": "The safe code includes explicit permission checks preventing unauthorized access, satisfying the requirement to be free of OWASP A01 vulnerabilities. The vulnerable code omits these checks, demonstrating broken access control as required.",
  "source_file": "2556_0.c"
}