{
  "owasp_category": "A01: Broken Access Control",
  "mapped_cwe": [
    "CWE-284"
  ],
  "attacker_view": "An attacker can invoke decode_tns without proper role checks, allowing unauthorized users to execute the function and potentially manipulate or access sensitive audio decoding parameters beyond their permissions.",
  "defender_view": "The safe code enforces role-based access control by checking the user_role parameter before proceeding, preventing unauthorized access to the decode_tns function and mitigating broken access control risks.",
  "issues": [
    {
      "id": "CWE-284",
      "title": "Improper Access Control",
      "description": "The vulnerable code lacks checks on user permissions before executing sensitive operations, allowing unauthorized users to perform actions outside their intended privileges.",
      "exploitability": "High - Attackers can call the function without restriction, potentially leading to unauthorized data manipulation or access.",
      "mitigations": [
        "Implement role-based access control checks before sensitive operations.",
        "Validate user permissions explicitly in the code.",
        "Fail securely by denying access when authorization is not confirmed."
      ]
    }
  ],
  "self_validation": "The safe code includes explicit access control checks and is free from broken access control issues. The vulnerable code omits these checks, correctly demonstrating an A01: Broken Access Control vulnerability as required.",
  "source_file": "2567_0.c"
}