{
  "owasp_category": "A01: Broken Access Control",
  "mapped_cwe": [
    "CWE-284"
  ],
  "attacker_view": "An attacker can specify an arbitrary block_no value, including values outside the intended range, to access or decode audio blocks they should not have permission to access. This allows unauthorized access to data or functionality beyond their privileges.",
  "defender_view": "The code validates the block_no parameter to ensure it is within the valid range of allocated frame contexts before proceeding. This prevents unauthorized access to out-of-bounds or uninitialized memory, enforcing proper access control.",
  "issues": [
    {
      "id": "CWE-284",
      "title": "Improper Access Control",
      "description": "The vulnerable code does not validate the block_no parameter to ensure it is within the valid range, allowing access to unauthorized blocks.",
      "exploitability": "High - An attacker can provide out-of-range block_no values to access or manipulate data beyond intended permissions.",
      "mitigations": "Validate all access control parameters, such as block_no, to ensure they are within allowed bounds before use."
    }
  ],
  "self_validation": "The safe code includes explicit validation of block_no to prevent out-of-bounds access, ensuring no broken access control vulnerabilities. The vulnerable code omits this validation, correctly demonstrating an A01: Broken Access Control issue. Both code versions contain no comments or explanations inside the code, and all output is formatted as a single JSON object with the required keys.",
  "source_file": "2614_0.c"
}