{
  "owasp_category": "A01: Broken Access Control",
  "mapped_cwe": [
    "CWE-284"
  ],
  "attacker_view": "An attacker can invoke get_ue_golomb without proper role checks, gaining unauthorized access to sensitive decoding results or internal state, potentially leading to information disclosure or privilege escalation.",
  "defender_view": "Implementing explicit role or permission checks before processing ensures only authorized users can access the decoding functionality, preventing unauthorized access and enforcing proper access control.",
  "issues": [
    {
      "id": "CWE-284",
      "title": "Improper Access Control",
      "description": "The function does not verify the user's role or permissions before processing, allowing unauthorized users to access sensitive functionality.",
      "exploitability": "High - attackers can call the function without restrictions to gain unauthorized access.",
      "mitigations": "Add explicit access control checks validating user roles or permissions before executing sensitive operations."
    }
  ],
  "self_validation": "The safe_code includes explicit access control checks preventing unauthorized access, and the vulnerable_code omits these checks, correctly illustrating the OWASP A01 category. Both codes are syntactically valid C code with no extraneous comments or explanations.",
  "source_file": "2628_0.c"
}