{
  "owasp_category": "A01: Broken Access Control",
  "mapped_cwe": [
    "CWE-284"
  ],
  "attacker_view": "An attacker can exploit the environment variable ALLOW_OVERRIDE to bypass intended CPU count restrictions and force the application to report an artificially high number of CPUs, potentially causing resource exhaustion or denial of service.",
  "defender_view": "The code enforces CPU count retrieval strictly from system APIs without allowing external overrides, ensuring that no unauthorized manipulation of resource information occurs.",
  "issues": [
    {
      "id": "CWE-284",
      "title": "Improper Access Control",
      "description": "The vulnerable code allows an environment variable to override the CPU count, bypassing intended access controls on resource reporting.",
      "exploitability": "High - An attacker with ability to set environment variables can manipulate application behavior.",
      "mitigations": [
        "Do not allow external input to override system resource information.",
        "Validate and restrict environment variables affecting critical system parameters.",
        "Implement strict access control checks before allowing overrides."
      ]
    }
  ],
  "self_validation": "The safe code does not allow any external override and uses only system calls to determine CPU count, ensuring no broken access control vulnerabilities. The vulnerable code introduces an environment variable override that allows attackers to bypass intended restrictions, correctly mapping to OWASP A01: Broken Access Control.",
  "source_file": "2630_0.c"
}