{
  "owasp_category": "A01: Broken Access Control",
  "mapped_cwe": [
    "CWE-284"
  ],
  "attacker_view": "An attacker can invoke the function to unpack stereo audio data without proper permission checks, potentially accessing or manipulating audio data they should not have access to.",
  "defender_view": "The function enforces permission checks before processing, ensuring only authorized users can access or manipulate the audio data, preventing unauthorized access.",
  "issues": [
    {
      "id": "CWE-284",
      "title": "Improper Access Control",
      "description": "The vulnerable code lacks checks to verify if the caller has the necessary permissions to execute the unpacking operation, allowing unauthorized access.",
      "exploitability": "High - An attacker can call the function without restrictions, leading to unauthorized data access or manipulation.",
      "mitigations": "Implement strict permission checks before performing sensitive operations to ensure only authorized users can execute them."
    }
  ],
  "self_validation": "The safe code includes explicit permission checks and returns an error if the user lacks permissions, eliminating broken access control vulnerabilities. The vulnerable code omits these checks, correctly demonstrating an A01: Broken Access Control issue. Both code snippets contain no comments or explanations inside the code, and all required keys and formats are strictly followed.",
  "source_file": "2643_0.c"
}