{
  "owasp_category": "A01: Broken Access Control",
  "mapped_cwe": [
    "CWE-284"
  ],
  "attacker_view": "An attacker can call get_ue_golomb without any role checks, potentially accessing or manipulating data they should not be authorized to access.",
  "defender_view": "The function enforces role-based access control by checking user_role before processing, preventing unauthorized access to the decoding logic.",
  "issues": [
    {
      "id": "CWE-284",
      "title": "Improper Access Control",
      "description": "The vulnerable code lacks any access control checks, allowing unauthorized users to invoke sensitive functionality.",
      "exploitability": "High - attackers can invoke the function without restrictions.",
      "mitigations": "Implement role or permission checks before allowing access to sensitive functions."
    }
  ],
  "self_validation": "The safe code includes explicit access control checks and does not contain any known OWASP vulnerabilities. The vulnerable code omits access control, directly mapping to OWASP A01: Broken Access Control.",
  "source_file": "2677_0.c"
}