{
  "owasp_category": "A01: Broken Access Control",
  "mapped_cwe": [
    "CWE-284"
  ],
  "attacker_view": "An attacker can call get_bits1 without any permission checks, allowing them to read bits from the buffer regardless of their authorization, potentially exposing sensitive data or manipulating the bitstream.",
  "defender_view": "The function enforces access control by verifying the user's permissions before allowing bitstream access, preventing unauthorized users from reading or manipulating data outside their privileges.",
  "issues": [
    {
      "id": "CWE-284",
      "title": "Improper Access Control",
      "description": "The vulnerable code lacks checks to ensure the caller has permission to access the bitstream data, allowing unauthorized access.",
      "exploitability": "High - attackers can invoke the function to read data they should not access.",
      "mitigations": "Implement explicit permission checks before accessing sensitive data or performing operations."
    }
  ],
  "self_validation": "The safe code includes explicit access control checks and is free of known OWASP vulnerabilities. The vulnerable code omits these checks, correctly illustrating Broken Access Control as per OWASP A01.",
  "source_file": "2694_0.c"
}