{
  "owasp_category": "A01: Broken Access Control",
  "mapped_cwe": [
    "CWE-284"
  ],
  "attacker_view": "An attacker can invoke avio_w8 to write data to buffers without any permission checks, potentially overwriting sensitive data or causing unauthorized actions.",
  "defender_view": "The safe code enforces permission checks before allowing buffer writes, preventing unauthorized users from modifying data outside their allowed scope.",
  "issues": [
    {
      "id": "CWE-284",
      "title": "Improper Access Control",
      "description": "The vulnerable code lacks access control checks before writing to the buffer, allowing unauthorized users to perform writes.",
      "exploitability": "High - attackers can invoke the function to write arbitrary data without restrictions.",
      "mitigations": "Implement strict access control checks verifying user permissions before allowing buffer writes."
    }
  ],
  "self_validation": "The safe code includes explicit permission checks preventing unauthorized writes, ensuring no broken access control issues. The vulnerable code omits these checks, correctly demonstrating the OWASP A01 category.",
  "source_file": "2720_0.c"
}