{
  "owasp_category": "A01: Broken Access Control",
  "mapped_cwe": [
    "CWE-284"
  ],
  "attacker_view": "An attacker can invoke avio_write without any permission checks, allowing unauthorized write operations to the buffer, potentially leading to data corruption or unauthorized data manipulation.",
  "defender_view": "Implementing explicit permission checks before performing write operations ensures only authorized users can write, preventing unauthorized access and modification.",
  "issues": [
    {
      "id": "CWE-284",
      "title": "Improper Access Control",
      "description": "The function avio_write does not verify if the caller has the necessary permissions to write to the buffer, allowing unauthorized users to perform write operations.",
      "exploitability": "High - attackers can invoke the function directly or indirectly to write data without restrictions.",
      "mitigations": [
        "Implement access control checks before allowing write operations.",
        "Validate user permissions or context prior to buffer modification."
      ]
    }
  ],
  "self_validation": "The safe code includes explicit access control checks preventing unauthorized writes, fulfilling the requirement to be free of OWASP A01 vulnerabilities. The vulnerable code omits these checks, demonstrating broken access control as specified.",
  "source_file": "2725_0.c"
}