{
  "owasp_category": "A01: Broken Access Control",
  "mapped_cwe": [
    "CWE-284"
  ],
  "attacker_view": "An attacker can invoke avio_w8 to write data to buffers they should not have access to, potentially corrupting memory or escalating privileges by bypassing intended access restrictions.",
  "defender_view": "Access control checks are enforced before allowing writes to the buffer, ensuring only authorized users can perform the operation, preventing unauthorized memory manipulation.",
  "issues": [
    {
      "id": "CWE-284",
      "title": "Improper Access Control",
      "description": "The function avio_w8 allows writing to a buffer without verifying if the caller has the necessary permissions, enabling unauthorized access.",
      "exploitability": "High - attackers can write arbitrary data to buffers they should not access.",
      "mitigations": "Implement strict access control checks before performing buffer writes; validate user permissions."
    }
  ],
  "self_validation": "The safe code includes explicit access control checks and no unsafe operations; the vulnerable code omits these checks, correctly demonstrating broken access control per OWASP A01.",
  "source_file": "2732_0.c"
}