{
  "owasp_category": "A01: Broken Access Control",
  "mapped_cwe": [
    "CWE-284",
    "CWE-285"
  ],
  "attacker_view": "An attacker can exploit the lack of access control checks to manipulate or decode residual blocks outside their authorized permissions, potentially causing unauthorized data access or corruption.",
  "defender_view": "Implement strict access control checks to verify user permissions before decoding residual blocks, ensuring users cannot act outside their intended permissions.",
  "issues": [
    {
      "id": "1",
      "title": "Missing Access Control Checks",
      "description": "The vulnerable code does not verify if the current user has permission to decode the specified residual block category and index, allowing unauthorized access.",
      "exploitability": "High - An attacker can invoke the function with arbitrary parameters to decode or manipulate data they should not access.",
      "mitigations": "Add explicit permission checks before processing to ensure the user is authorized for the requested operation."
    },
    {
      "id": "2",
      "title": "Unrestricted Modification of Control Flags",
      "description": "The vulnerable code sets control flags (e.g., cbp_table) to fixed values without verifying user permissions, enabling privilege escalation or data corruption.",
      "exploitability": "Medium - An attacker can cause incorrect state changes affecting video decoding integrity.",
      "mitigations": "Restrict modifications of control flags to authorized users and validate inputs accordingly."
    }
  ],
  "self_validation": "The safe code includes explicit access control checks and avoids unauthorized state modifications, ensuring no broken access control vulnerabilities. The vulnerable code omits these checks and allows unauthorized actions, correctly mapping to OWASP A01: Broken Access Control. Both code snippets contain no comments or explanations inside the code, and all output conforms to the specified JSON schema.",
  "source_file": "2746_0.c"
}