{
  "owasp_category": "A01: Broken Access Control",
  "mapped_cwe": [
    "CWE-284",
    "CWE-862"
  ],
  "attacker_view": "An attacker can bypass access control checks and access or manipulate DC coefficient values outside their authorized permissions by exploiting missing or improper role validation, potentially leading to unauthorized data exposure or modification.",
  "defender_view": "Implement strict role-based access control checks before allowing access to sensitive data structures, ensuring users can only access data within their permission scope to prevent unauthorized access.",
  "issues": [
    {
      "id": "CWE-284",
      "title": "Improper Access Control",
      "description": "The vulnerable code lacks proper checks on user roles before accessing sensitive data, allowing unauthorized users to read or manipulate data.",
      "exploitability": "High - attackers can exploit missing role checks to access or modify data they should not have permission to.",
      "mitigations": "Enforce strict role validation before accessing sensitive data, validate inputs, and apply the principle of least privilege."
    },
    {
      "id": "CWE-862",
      "title": "Missing Authorization",
      "description": "The code does not verify if the user is authorized to perform the requested operation, leading to broken access control.",
      "exploitability": "High - attackers can perform unauthorized operations by bypassing missing authorization checks.",
      "mitigations": "Implement authorization checks for all sensitive operations and data accesses."
    }
  ],
  "self_validation": "The safe code includes input validation and enforces access control by restricting invalid indices, ensuring no out-of-bound or unauthorized access occurs. The vulnerable code intentionally omits role validation and access control checks, allowing unauthorized access to sensitive data, correctly mapping to OWASP A01: Broken Access Control. Both code snippets contain no comments or explanations inside the code, and all explanations are provided only in the manifest as required.",
  "source_file": "2779_0.c"
}