{
  "owasp_category": "A01: Broken Access Control",
  "mapped_cwe": [
    "CWE-284",
    "CWE-862"
  ],
  "attacker_view": "An attacker can manipulate the 'level' parameter to bypass intended access controls and write arbitrary values to critical memory locations, potentially causing unauthorized data modification or corruption.",
  "defender_view": "The defender must enforce strict validation and access control checks on input parameters to prevent unauthorized modification of sensitive data and ensure that users cannot exceed their permitted privileges.",
  "issues": [
    {
      "id": "CWE-284",
      "title": "Improper Access Control",
      "description": "The vulnerable code allows modification of critical data without proper validation or permission checks, enabling unauthorized access or changes.",
      "exploitability": "High - attackers can exploit this by providing crafted inputs to alter data beyond their privileges.",
      "mitigations": "Implement strict input validation, enforce access control checks before modifying data, and sanitize all inputs."
    },
    {
      "id": "CWE-862",
      "title": "Missing Authorization",
      "description": "The code does not verify whether the caller is authorized to perform the modification, allowing unauthorized users to act outside their intended permissions.",
      "exploitability": "High - attackers can bypass authorization controls to perform restricted operations.",
      "mitigations": "Add authorization checks to ensure only permitted users can perform sensitive operations."
    }
  ],
  "self_validation": "The safe code includes input validation and boundary checks to prevent unauthorized data modification, ensuring no known OWASP vulnerabilities. The vulnerable code introduces a condition that allows arbitrary modification of critical data without access control, correctly mapping to OWASP A01: Broken Access Control.",
  "source_file": "2818_0.c"
}