{
  "owasp_category": "A01: Broken Access Control",
  "mapped_cwe": [
    "CWE-284"
  ],
  "attacker_view": "An attacker can invoke the function with arbitrary start and end indices without any permission checks, allowing them to access or modify data outside their authorized range, potentially leading to unauthorized data exposure or manipulation.",
  "defender_view": "Implementing strict permission checks before processing ensures that only authorized users can invoke the function with allowed parameters, preventing unauthorized access or modification of sensitive data.",
  "issues": [
    {
      "id": "CWE-284",
      "title": "Improper Access Control",
      "description": "The vulnerable code lacks access control checks, allowing callers to specify arbitrary ranges for processing, which can lead to unauthorized access or modification of data.",
      "exploitability": "High - attackers can manipulate input parameters to access or modify data beyond their permissions.",
      "mitigations": "Enforce permission checks before processing; validate input parameters against user permissions; implement role-based access control."
    }
  ],
  "self_validation": "The safe code includes explicit permission checks preventing unauthorized access, ensuring compliance with OWASP A01. The vulnerable code omits these checks, correctly illustrating broken access control. Both code snippets are syntactically valid C code and adhere to the constraints.",
  "source_file": "2827_0.c"
}