{
  "owasp_category": "A01: Broken Access Control",
  "mapped_cwe": [
    "CWE-284"
  ],
  "attacker_view": "An attacker can call the function with any user_role value, including unauthorized roles, to access or manipulate image data pointers without proper permission checks, thus bypassing intended access restrictions.",
  "defender_view": "The function enforces access control by checking the user_role parameter and denying access if the role is unauthorized, preventing unauthorized users from accessing or modifying image data pointers.",
  "issues": [
    {
      "id": "CWE-284",
      "title": "Improper Access Control",
      "description": "The vulnerable code does not enforce access control checks, allowing unauthorized users to access or manipulate image data pointers.",
      "exploitability": "High - attackers can exploit the lack of access control to gain unauthorized access to sensitive image data.",
      "mitigations": [
        "Implement strict access control checks based on user roles or permissions.",
        "Validate user privileges before processing sensitive data.",
        "Use secure coding practices to enforce least privilege."
      ]
    }
  ],
  "self_validation": "The safe code includes explicit access control checks and is free from known OWASP vulnerabilities. The vulnerable code omits these checks, correctly illustrating a Broken Access Control issue per OWASP A01. Both code snippets contain no comments or explanations inside, adhering strictly to the constraints.",
  "source_file": "503_0.c"
}