{
  "owasp_category": "A01: Broken Access Control",
  "mapped_cwe": [
    "CWE-284"
  ],
  "attacker_view": "An attacker can invoke the put_obmc function without any access control checks, allowing them to perform operations that should be restricted, potentially leading to unauthorized data manipulation or leakage.",
  "defender_view": "The function enforces role-based access control by checking the user_role parameter and only allowing authorized users (user_role == 1) to execute the function logic, preventing unauthorized access.",
  "issues": [
    {
      "id": "CWE-284",
      "title": "Improper Access Control",
      "description": "The vulnerable code lacks any access control checks, allowing any caller to execute the function regardless of their permissions.",
      "exploitability": "High - Any user can call the function and perform operations without restriction.",
      "mitigations": [
        "Implement role or permission checks before executing sensitive operations.",
        "Validate user identity and enforce least privilege principle."
      ]
    }
  ],
  "self_validation": "The safe code includes explicit access control checks preventing unauthorized use, and the vulnerable code omits these checks, correctly illustrating OWASP A01: Broken Access Control. Both code snippets are syntactically valid C code without extraneous comments or explanations.",
  "source_file": "539_0.c"
}