{
  "owasp_category": "A01: Broken Access Control",
  "mapped_cwe": [
    "CWE-284"
  ],
  "attacker_view": "An attacker can invoke avio_write without any permission checks, allowing unauthorized writes to buffers that may lead to data corruption, privilege escalation, or arbitrary code execution.",
  "defender_view": "Implementing explicit access control checks before performing buffer writes ensures only authorized users can modify sensitive data, preventing unauthorized access and maintaining data integrity.",
  "issues": [
    {
      "id": "CWE-284",
      "title": "Improper Access Control",
      "description": "The vulnerable code lacks checks to verify if the caller has permission to write to the buffer, allowing unauthorized access.",
      "exploitability": "High - attackers can write arbitrary data to buffers without restriction.",
      "mitigations": [
        "Implement user permission checks before buffer writes.",
        "Validate user context and enforce least privilege.",
        "Use secure coding practices to enforce access control."
      ]
    }
  ],
  "self_validation": "The safe code includes explicit access control checks and user context validation, removing broken access control vulnerabilities. The vulnerable code omits these checks, correctly illustrating OWASP A01: Broken Access Control. Both code snippets are syntactically valid C code with no extraneous comments or explanations.",
  "source_file": "626_0.c"
}