{
  "owasp_category": "A01: Broken Access Control",
  "mapped_cwe": [
    "CWE-284"
  ],
  "attacker_view": "An attacker can invoke avio_w8 without any permission checks, allowing unauthorized writes to the buffer, potentially leading to data corruption or unauthorized data manipulation.",
  "defender_view": "Implementing access control checks before allowing buffer writes ensures only authorized users can perform write operations, preventing unauthorized access and modification.",
  "issues": [
    {
      "id": "CWE-284",
      "title": "Improper Access Control",
      "description": "The function avio_w8 allows writing to a buffer without verifying if the caller has the necessary permissions.",
      "exploitability": "High - attackers can write data without authorization.",
      "mitigations": "Add explicit permission checks before performing write operations."
    }
  ],
  "self_validation": "The safe code includes explicit access control checks preventing unauthorized writes, satisfying the constraint of being free from OWASP A01 vulnerabilities. The vulnerable code omits these checks, demonstrating broken access control as required.",
  "source_file": "630_0.c"
}