{
  "owasp_category": "A01: Broken Access Control",
  "mapped_cwe": [
    "CWE-284"
  ],
  "attacker_view": "An attacker can invoke avio_write without any permission checks, allowing unauthorized writes to buffers that they should not access, potentially leading to data corruption or privilege escalation.",
  "defender_view": "The safe version enforces access control by verifying user permissions before allowing writes, preventing unauthorized buffer modifications and preserving system integrity.",
  "issues": [
    {
      "id": "CWE-284",
      "title": "Improper Access Control",
      "description": "The function avio_write allows writing to buffers without verifying if the caller has the appropriate permissions, enabling unauthorized access.",
      "exploitability": "High - attackers can write arbitrary data to buffers they should not access.",
      "mitigations": "Implement strict access control checks before performing sensitive operations like buffer writes."
    }
  ],
  "self_validation": "The safe code includes explicit permission checks preventing unauthorized access; the vulnerable code omits these checks, correctly demonstrating broken access control per OWASP A01.",
  "source_file": "663_0.c"
}