{
  "owasp_category": "A01: Broken Access Control",
  "mapped_cwe": [
    "CWE-284"
  ],
  "attacker_view": "An attacker can invoke avio_write without any permission checks, allowing unauthorized writing to buffers that should be restricted, potentially leading to data corruption or leakage.",
  "defender_view": "Implementing explicit permission checks before allowing write operations ensures only authorized users can perform writes, preventing unauthorized access and maintaining data integrity.",
  "issues": [
    {
      "id": "CWE-284",
      "title": "Improper Access Control",
      "description": "The function avio_write lacks access control checks, allowing unauthorized users to write data.",
      "exploitability": "High - attackers can invoke the function to write data without restrictions.",
      "mitigations": "Add user context and permission checks before performing write operations."
    }
  ],
  "self_validation": "The safe code includes explicit access control checks preventing unauthorized writes, ensuring no broken access control vulnerabilities. The vulnerable code omits these checks, correctly illustrating the OWASP A01 category. Both code snippets are syntactically valid C and adhere to the constraints.",
  "source_file": "669_0.c"
}