{
  "owasp_category": "A01: Broken Access Control",
  "mapped_cwe": [
    "CWE-284"
  ],
  "attacker_view": "An attacker can access pixel format names without proper permission checks, potentially exposing sensitive or restricted information by calling the function with any pix_fmt value within range.",
  "defender_view": "The function enforces access control by verifying the user's permission level before returning the pixel format name, preventing unauthorized access.",
  "issues": [
    {
      "id": "CWE-284",
      "title": "Improper Access Control",
      "description": "The vulnerable code does not verify user permissions before returning pixel format names, allowing unauthorized access.",
      "exploitability": "High - Any caller can retrieve pixel format names without restriction.",
      "mitigations": "Implement permission checks before returning sensitive data."
    }
  ],
  "self_validation": "The safe code includes explicit access control checks and bounds validation, ensuring no unauthorized access to pixel format names. The vulnerable code lacks permission checks, correctly illustrating broken access control per OWASP A01.",
  "source_file": "676_0.c"
}