{
  "owasp_category": "A01: Broken Access Control",
  "mapped_cwe": [
    "CWE-284"
  ],
  "attacker_view": "An attacker can invoke avio_write without any permission checks, allowing unauthorized writes to buffers that should be protected, potentially leading to data corruption or unauthorized data modification.",
  "defender_view": "The safe version enforces access control by verifying user permissions before allowing writes, preventing unauthorized users from modifying sensitive buffers.",
  "issues": [
    {
      "id": "CWE-284",
      "title": "Improper Access Control",
      "description": "The vulnerable code lacks any access control checks before writing to the buffer, allowing unauthorized users to perform write operations.",
      "exploitability": "High - attackers can invoke the function without restriction and modify data they should not have access to.",
      "mitigations": "Implement strict access control checks before performing sensitive operations, such as verifying user permissions or roles."
    }
  ],
  "self_validation": "The safe code includes explicit permission checks preventing unauthorized access, ensuring no broken access control vulnerabilities remain. The vulnerable code omits these checks, correctly illustrating an A01 Broken Access Control issue.",
  "source_file": "722_0.c"
}