{
  "owasp_category": "A01: Broken Access Control",
  "mapped_cwe": [
    "CWE-284"
  ],
  "attacker_view": "An attacker can call av_strdup without any access control checks, allowing unauthorized users to allocate and copy memory potentially leading to unauthorized data access or resource misuse.",
  "defender_view": "Implementing role-based access control by requiring a user_role parameter and validating it before performing the memory allocation and copy ensures only authorized users can invoke this function safely.",
  "issues": [
    {
      "id": "CWE-284",
      "title": "Improper Access Control",
      "description": "The function av_strdup does not enforce any access control, allowing any caller to allocate and copy memory regardless of permissions.",
      "exploitability": "An attacker can exploit this by invoking the function without restrictions, potentially leading to unauthorized memory operations.",
      "mitigations": [
        "Implement role or permission checks before performing sensitive operations.",
        "Validate user identity and permissions before allowing memory allocation or data duplication."
      ]
    }
  ],
  "self_validation": "The safe code includes explicit access control checks preventing unauthorized use, and the vulnerable code lacks such checks, correctly illustrating A01: Broken Access Control. Both codes are syntactically valid C and meet the constraints.",
  "source_file": "758_0.c"
}