{
  "owasp_category": "A01: Broken Access Control",
  "mapped_cwe": [
    "CWE-284"
  ],
  "attacker_view": "An attacker can invoke decode_residual_inter without any permission checks, allowing them to execute decoding operations that should be restricted, potentially leading to unauthorized data processing or exposure.",
  "defender_view": "The function enforces an explicit check on user_role before proceeding, ensuring only authorized users can execute the decoding logic, thus preventing unauthorized access.",
  "issues": [
    {
      "id": "CWE-284",
      "title": "Improper Access Control",
      "description": "The vulnerable code lacks any access control checks, allowing unauthorized users to invoke sensitive functionality.",
      "exploitability": "High - attackers can call the function without restrictions.",
      "mitigations": "Implement explicit permission checks before executing sensitive operations."
    }
  ],
  "self_validation": "The safe code includes explicit access control checks and is free of known OWASP A01 vulnerabilities. The vulnerable code omits access control, correctly illustrating Broken Access Control. Both versions conform to the constraints.",
  "source_file": "767_0.c"
}