{
  "owasp_category": "A01: Broken Access Control",
  "mapped_cwe": [
    "CWE-284"
  ],
  "attacker_view": "An attacker can invoke the yuv2rgb_X_c_template function without proper permission checks, allowing unauthorized access to image processing operations that may be restricted. This could lead to unauthorized data exposure or manipulation.",
  "defender_view": "The safe version enforces an explicit permission check before processing, ensuring only authorized users can execute the function, preventing unauthorized access and enforcing proper access control.",
  "issues": [
    {
      "id": "CWE-284",
      "title": "Improper Access Control",
      "description": "The vulnerable code lacks any access control checks, allowing any caller to execute the function regardless of their permissions.",
      "exploitability": "High - attackers can invoke the function without restriction, potentially accessing or modifying data they should not.",
      "mitigations": [
        "Implement explicit permission checks before executing sensitive operations.",
        "Validate user permissions or roles prior to function invocation."
      ]
    }
  ],
  "self_validation": "The safe code includes a permission check parameter and returns early if unauthorized, ensuring no access control issues. The vulnerable code omits this check, correctly illustrating broken access control per OWASP A01. Both code snippets are syntactically valid C code with no extraneous comments or explanations.",
  "source_file": "795_0.c"
}