{
  "owasp_category": "A01: Broken Access Control",
  "mapped_cwe": [
    "CWE-284"
  ],
  "attacker_view": "An attacker can access resources or functions they are not authorized to by exploiting missing or improper access control checks, allowing unauthorized data access or operations.",
  "defender_view": "Implement strict access control checks verifying user permissions before granting access to resources or functions, ensuring users can only perform actions within their authorized scope.",
  "issues": [
    {
      "id": "CWE-284",
      "title": "Improper Access Control",
      "description": "The application does not properly restrict access to resources based on user permissions, allowing unauthorized access.",
      "exploitability": "High - attackers can easily bypass missing checks to access unauthorized resources.",
      "mitigations": "Implement explicit permission checks before resource access; enforce least privilege; use role-based access control."
    }
  ],
  "self_validation": "The safe code includes explicit permission checks preventing unauthorized access, and the vulnerable code omits these checks, correctly illustrating Broken Access Control as per OWASP A01.",
  "source_file": "811_0.c"
}