{
  "owasp_category": "A01: Broken Access Control",
  "mapped_cwe": [
    "CWE-284"
  ],
  "attacker_view": "An attacker can invoke avio_w8 without any permission checks, allowing unauthorized writes to the buffer, potentially leading to data corruption or privilege escalation.",
  "defender_view": "Implementing explicit permission checks before allowing buffer writes ensures only authorized users can modify the buffer, preventing unauthorized access and maintaining data integrity.",
  "issues": [
    {
      "id": "CWE-284",
      "title": "Improper Access Control",
      "description": "The function allows buffer writes without verifying if the caller has the necessary permissions, enabling unauthorized access.",
      "exploitability": "High - attackers can write to buffers they should not access, potentially causing data corruption or security breaches.",
      "mitigations": "Add explicit permission checks before performing sensitive operations to ensure only authorized users can execute them."
    }
  ],
  "self_validation": "The safe code includes explicit access control checks preventing unauthorized buffer writes. The vulnerable code omits these checks, allowing broken access control as per OWASP A01.",
  "source_file": "815_0.c"
}