{
  "owasp_category": "A01: Broken Access Control",
  "mapped_cwe": [
    "CWE-284"
  ],
  "attacker_view": "An attacker can invoke the apply_intensity_stereo function without proper permission checks, allowing them to manipulate audio channel coefficients beyond their authorized scope, potentially causing unauthorized audio processing or data leakage.",
  "defender_view": "The defender ensures that only users with the correct permissions can invoke the function by enforcing an explicit permission check before processing, preventing unauthorized access to sensitive audio processing routines.",
  "issues": [
    {
      "id": "CWE-284",
      "title": "Improper Access Control",
      "description": "The vulnerable code lacks access control checks, allowing unauthorized users to execute sensitive audio processing operations.",
      "exploitability": "High - attackers can call the function without restriction to manipulate audio data.",
      "mitigations": "Implement explicit permission checks before performing sensitive operations to ensure only authorized users can execute them."
    }
  ],
  "self_validation": "The safe code includes an explicit permission check parameter and returns early if the user lacks permission, ensuring no unauthorized access. The vulnerable code omits this check, correctly demonstrating broken access control. Both codes are syntactically valid C and adhere to the constraints.",
  "source_file": "857_0.c"
}