{
  "owasp_category": "A01: Broken Access Control",
  "mapped_cwe": [
    "CWE-284",
    "CWE-285"
  ],
  "attacker_view": "An attacker can invoke remove_short_at_index with an out-of-bounds index, causing unauthorized modification of memory or application state, potentially leading to denial of service or privilege escalation.",
  "defender_view": "The function validates the index parameter to ensure it is within the allowed range before modifying the array, preventing unauthorized access or modification outside intended bounds.",
  "issues": [
    {
      "id": "CWE-284",
      "title": "Improper Access Control",
      "description": "The function does not verify that the index parameter is within valid bounds, allowing unauthorized access to memory outside the intended range.",
      "exploitability": "High - attackers can supply out-of-bounds indices to manipulate memory or application state.",
      "mitigations": "Validate all input parameters to ensure they are within expected ranges before performing operations."
    },
    {
      "id": "CWE-285",
      "title": "Improper Authorization",
      "description": "Lack of authorization checks allows callers to perform operations they should not be permitted to, such as removing references at arbitrary indices.",
      "exploitability": "Medium - attackers with access to this function can bypass intended access restrictions.",
      "mitigations": "Implement authorization checks to ensure callers have permission to modify specific indices."
    }
  ],
  "self_validation": "The safe code includes explicit bounds checking on the index parameter, preventing out-of-bounds access and ensuring compliance with the OWASP A01 category. The vulnerable code omits these checks, enabling broken access control exploits as required.",
  "source_file": "938_0.c"
}