{
  "owasp_category": "A01: Broken Access Control",
  "mapped_cwe": [
    "CWE-284"
  ],
  "attacker_view": "An attacker with insufficient permissions can access or manipulate NAL units such as SPS and PPS that should be restricted, potentially leading to unauthorized video stream manipulation or information disclosure.",
  "defender_view": "Implement strict access control checks to ensure users can only access NAL units appropriate to their role, preventing unauthorized access to sensitive video stream components.",
  "issues": [
    {
      "id": "CWE-284",
      "title": "Improper Access Control",
      "description": "The vulnerable code lacks proper access control checks on sensitive NAL units, allowing unauthorized users to access or manipulate restricted data.",
      "exploitability": "High - An attacker can bypass intended restrictions and access or modify protected video stream data.",
      "mitigations": [
        "Implement role-based access control checks before processing sensitive NAL units.",
        "Validate user permissions explicitly before decoding or handling restricted data.",
        "Fail securely by denying access when authorization checks fail."
      ]
    }
  ],
  "self_validation": "The safe code is free of access control issues and does not allow unauthorized access to sensitive NAL units. The vulnerable code includes a missing access control check allowing unauthorized access to sensitive NAL units, correctly mapping to OWASP A01: Broken Access Control and CWE-284. The attacker and defender perspectives and mitigations are accurately described.",
  "source_file": "940_0.c"
}