{
  "owasp_category": "A01: Broken Access Control",
  "mapped_cwe": [
    "CWE-284"
  ],
  "attacker_view": "An attacker can invoke avcodec_copy_context without proper authorization checks, allowing them to copy codec contexts they should not have access to, potentially leading to unauthorized data manipulation or privilege escalation.",
  "defender_view": "The function enforces role-based access control by checking the user's role before allowing the copy operation, preventing unauthorized users from performing sensitive actions.",
  "issues": [
    {
      "id": "CWE-284",
      "title": "Improper Access Control",
      "description": "The vulnerable code lacks authorization checks, allowing unauthorized users to perform operations outside their permissions.",
      "exploitability": "High - attackers can invoke the function without restriction to copy sensitive codec contexts.",
      "mitigations": [
        "Implement role-based access control checks before sensitive operations.",
        "Validate user permissions explicitly before allowing context copying."
      ]
    }
  ],
  "self_validation": "The safe code includes explicit access control checks preventing unauthorized usage, and the vulnerable code omits these checks, correctly illustrating an A01: Broken Access Control vulnerability. Both code snippets are syntactically valid C code without extraneous comments or explanations.",
  "source_file": "968_0.c"
}