{
  "owasp_category": "A01: Broken Access Control",
  "mapped_cwe": [
    "CWE-284"
  ],
  "attacker_view": "An attacker can access pixel format names without any permission checks, potentially exposing sensitive or restricted information or causing out-of-bounds access if invalid indices are used.",
  "defender_view": "Access control is enforced by verifying the user's role before returning the pixel format name, preventing unauthorized access to this information.",
  "issues": [
    {
      "id": "CWE-284",
      "title": "Improper Access Control",
      "description": "The vulnerable code does not verify user permissions before accessing pixel format names, allowing unauthorized users to retrieve potentially sensitive data.",
      "exploitability": "High - Any caller can invoke the function with any pixel format index, bypassing intended access restrictions.",
      "mitigations": "Implement explicit access control checks based on user roles or permissions before returning sensitive data."
    }
  ],
  "self_validation": "The safe code includes explicit access control checks and validates input bounds, ensuring no unauthorized access or out-of-bounds reads. The vulnerable code omits these checks, correctly illustrating broken access control as per OWASP A01.",
  "source_file": "974_0.c"
}